36072;Абаза;39047;52.6273;90.0769;0;74;95;Asia/Krasnoyarsk;
29862;Абакан;3902;53.7292;91.4612;1;74;95;Asia/Krasnoyarsk;
28818;Абдулино;35355;53.6898;53.6537;0;20;53;Asia/Yekaterinburg;
28731;Абзаково;0;53.8178;58.6047;0;9;80;Asia/Yekaterinburg;
37003;Абинск;86150;44.8649;38.1719;0;59;3;Europe/Moscow;
23383;Агата;0;66.9257;93.5063;0;69;4;Asia/Krasnoyarsk;
28518;Агидель;34731;55.9039;53.9374;0;9;80;Asia/Yekaterinburg;
30859;Агинское;39142;51.1119;114.536;1;69;4;Asia/Krasnoyarsk;
28403;Агрыз;85551;56.5182;52.9874;0;53;92;Europe/Moscow;
28729;Аджигардак;0;57.21;54.59;0;4;75;Asia/Yekaterinburg;
37171;Адлер;0;43.4472;39.9145;0;59;3;Europe/Moscow;
37015;Адыгейск;87772;44.8865;39.175;0;60;79;Europe/Moscow;
28617;Азнакаево;85511;54.8633;53.0857;0;53;92;Europe/Moscow;
34723;Азов;86342;47.099;39.4386;0;65;60;Europe/Moscow;
35127;Акбулак;35335;51.0062;55.6275;0;20;53;Asia/Yekaterinburg;
36079;Ак-Довурак;39433;51.1663;90.6005;0;73;93;Asia/Krasnoyarsk;
34734;Аксай;86350;47.2669;39.8691;0;65;60;Europe/Moscow;
36247;Акташ;36643;50.3116;87.6145;0;2;1;Asia/Omsk;
37227;Алагир;86731;43.0427;44.2226;0;64;90;Europe/Moscow;
28248;Алапаевск;34346;57.8541;61.7057;0;24;65;Asia/Yekaterinburg;
27679;Алатырь;83531;54.8455;46.5676;0;56;97;Europe/Moscow;Белый Камень
31004;Алдан;41145;58.6022;125.369;0;77;98;Asia/Yakutsk;
29937;Алейск;38553;52.4736;82.7579;0;2;1;Asia/Omsk;
27428;Александров;49244;47.9061;41.7337;0;14;17;Europe/Moscow;
34391;Александров-Гай;84578;50.1447;48.5491;0;54;63;Europe/Moscow;
28130;Александровск;34274;59.1592;57.604;0;21;57;Asia/Yekaterinburg;
32061;Александровск-Сахалинский;42434;142.1;50.54;0;11;64;Asia/Vladivostok;
34322;Алексеевка;47234;50.6342;38.7142;0;10;14;Europe/Moscow;
27405;Алексин;48753;54.5095;37.0617;0;41;70;Europe/Moscow;
29589;Алзамай;39517;55.5614;98.6549;0;8;25;Asia/Irkutsk;
28707;Альметьевск;8553;54.8932;52.3462;0;53;92;Europe/Moscow;
23022;Амдерма;0;69.7563;61.6776;0;87;11100;Europe/Moscow;
31559;Амурск;42142;50.2258;136.907;0;79;8;Asia/Vladivostok;
25563;Анадырь;42722;64.7367;177.477;1;5;77;Asia/Magadan;
37001;Анапа;86133;37.331;44.895;0;59;3;Europe/Moscow;
30715;Ангарск;3955;52.5417;103.92;0;8;25;Asia/Irkutsk;
26480;Андреаполь;48267;56.6486;32.2681;0;40;28;Europe/Moscow;
29543;Анжеро-Судженск;38453;56.0644;86.0234;0;68;32;Asia/Omsk;
32155;Анива;42441;46.7186;142.525;0;11;64;Asia/Vladivostok;
22213;Апатиты;81555;67.5796;33.391;0;45;47;Europe/Moscow;
27521;Апрелевка;496 345;55.5395;37.0827;0;35;46;Europe/Moscow;
37012;Апшеронск;86152;44.4697;39.7302;0;59;3;Europe/Moscow;
28442;Арамиль;0;60.8406;56.7;0;24;65;Asia/Yekaterinburg;
28548;Аргаяш;35132;55.4864;60.878;0;4;75;Asia/Yekaterinburg;
37239;Аргун;87147;43.2952;45.871;0;67;96;Europe/Moscow;
27781;Ардатов;83431;55.2357;43.0961;0;16;89;Europe/Moscow;
37219;Ардон;86732;43.1735;44.2979;0;64;90;Europe/Moscow;
27653;Арзамас;83147;55.4032;43.8361;0;50;22;Europe/Moscow;
34058;Аркадак;84542;51.929;43.521;0;54;63;Europe/Moscow;
37031;Армавир;86137;44.9964;41.1206;0;59;3;Europe/Moscow;
31938;Арсеньев;42361;44.1618;133.286;0;1;5;Asia/Vladivostok;
31974;Артем;42337;43.3557;132.187;0;1;5;Asia/Vladivostok;
29772;Артемовск;39136;54.2100;93.2600;0;201;76212;Asia/Yakutsk;
28346;Артемовский;34363;57.3382;61.9035;0;24;65;Asia/Yekaterinburg;
22550;Архангельск;8182;64.5369;40.5656;1;6;11;Europe/Moscow;Архара
37008;Архипо-Осиповка;0;44.3887;38.5314;0;59;3;Europe/Moscow;
37111;Архыз;87878;43.5611;41.2721;0;58;91;Europe/Moscow;
29997;Аршан;0;53.55;99.55;0;8;25;Asia/Irkutsk;
30803;Аршан;0; 51.55;102.26;0;82;81;Asia/Irkutsk;
22724;Асбест;34365;56.4781;60.5247;0;24;65;Asia/Yekaterinburg;
29347;Асино;38241;56.9986;86.1477;0;76;69;Asia/Omsk;
34880;Астрахань;8512;46.3549;48.0527;1;7;12;Europe/Moscow;
34069;Аткарск;84552;51.8642;44.991;0;54;63;Europe/Moscow;
34577;Ахтубинск;85141;48.2905;46.1643;0;7;12;Europe/Moscow;
29467;Ачинск;39151;56.2824;90.5171;0;69;4;Asia/Krasnoyarsk;
37236;Ачхой-Мартан;87142;43.1895;45.2841;0;67;96;Europe/Moscow;
28636;Аша;35159;55.0023;57.2248;0;4;75;Asia/Yekaterinburg;
28427;Ашатли;0;56.50;56.02;0;21;57;Asia/Yekaterinburg;
27008;Бабаево;81743;59.3853;35.9507;0;17;19;Europe/Moscow;
30822;Бабушкино;0;51.7102;105.876;0;82;81;Asia/Irkutsk;
27597;Бавлы;85569;54.4064;53.2417;0;53;92;Europe/Moscow;
26705;Багратионовск;40156;54.3865;20.6402;0;43;27;Europe/Kaliningrad;Багратион;
30818;Байкальск;39542;51.5091;104.119;0;8;25;Asia/Irkutsk;
28938;Баймак;34751;52.5896;58.3214;0;9;80;Asia/Yekaterinburg;
28735;Бакалы;34742;54.9515;58.8122;0;9;80;Asia/Yekaterinburg;
37213;Баксан;86634;43.6847;43.5332;0;57;83;Europe/Moscow;
27609;Балабаново;48438;55.1766;36.6492;0;30;29;Europe/Moscow;
34085;Балаково;0;52.0211;47.8058;0;54;63;Europe/Moscow;
27452;Балахна;83144;56.4807;43.5404;0;50;22;Europe/Moscow;
27607;Балашиха;0;55.8204;37.9689;0;35;46;Europe/Moscow;
34152;Балашов;84545;51.5374;43.1529;0;54;63;Europe/Moscow;
30866;Балей;30232;51.5856;116.646;0;84;76;Asia/Yakutsk;
26701;Балтийск;40145;54.6405;19.8914;0;43;27;Europe/Kaliningrad;
28830;Банное;0;53.35;58.35;0;9;80;Asia/Yekaterinburg;
29612;Барабинск;38361;55.3498;78.349;0;70;50;Asia/Omsk;
30636;Баргузин;30131;53.625;109.628;0;82;81;Asia/Irkutsk;
29838;Барнаул;3852;53.3563;83.7616;1;2;1;Asia/Omsk;
27980;Барыш;84253;53.6526;47.1356;0;55;73;Europe/Moscow;
34722;Батайск;86354;47.1388;39.7547;0;65;60;Europe/Moscow;
27217;Бежецк;48231;57.7846;36.7024;0;40;28;Europe/Moscow;
34539;Белая Калитва;86383;48.1924;40.7738;0;65;60;Europe/Moscow;
28105;Белая Холуница;83364;58.8454;50.83;0;19;33;Europe/Moscow;
34214;Белгород;4722;50.5966;36.6092;1;10;14;Europe/Moscow;
28718;Белебей;34786;54.1074;54.128;0;9;80;Asia/Yekaterinburg;
27816;Белев;48742;53.8069;36.1452;0;41;70;Europe/Moscow;
27955;Белинский;84153;52.9648;43.4208;0;51;56;Europe/Moscow;
29745;Белово;38452;54.3767;86.3492;0;68;32;Asia/Omsk;
26069;Белогорка;0;59.21;30.13;0;44;41;Europe/Moscow;
31513;Белогорск;41641;50.92;128.469;0;3;10;Asia/Yakutsk;
22939;Белозерск;81756;60.0363;37.7864;0;17;19;Europe/Moscow;
36092;Белокуриха;38577;51.9962;84.9982;0;2;1;Asia/Omsk;
22551;Беломорск;81437;64.5458;34.7728;0;48;86;Europe/Moscow;
28831;Белорецк;34792;53.9672;58.4166;0;9;80;Asia/Yekaterinburg;
37013;Белореченск;86155;44.7542;39.8854;0;59;3;Europe/Moscow;
27701;Белоусово;0;55.0922;36.672;0;30;29;Europe/Moscow;
23633;Белоярский;34377;63.7082;66.6723;0;26;71100;Asia/Yekaterinburg;
26585;Белый;48250;55.8302;32.947;0;40;28;Europe/Moscow;
29241;Белый Яр;38258;58.4446;85.0505;0;76;69;Asia/Omsk;
29729;Бердск;38341;54.7635;83.1034;0;70;50;Asia/Omsk;
28028;Березники;34242;59.4015;56.7995;0;21;57;Asia/Yekaterinburg;
28446;Березовский;34369;56.55;60.48;0;24;65;Asia/Yekaterinburg;
29542;Березовский;38445;55.49;86.16;0;68;32;Asia/Omsk;;
37220;Беслан;86737;43.1983;44.5422;0;64;90;Europe/Moscow;;
29947;Бийск;3854;52.5413;85.217;0;2;1;Asia/Omsk;;
31832;Бикин;42155;46.8151;134.266;0;79;8;Asia/Vladivostok;;
25147;Билибино;42738;68.0558;166.438;0;5;77;Asia/Magadan;;
31713;Биробиджан;42622;48.8007;132.899;1;85;99;Asia/Vladivostok;;
28621;Бирск;34784;55.4175;55.5452;0;9;80;Asia/Yekaterinburg;;
29588;Бирюсинск;0;55.964;97.818;0;8;25;Asia/Irkutsk;;
34323;Бирюч;47247;51.346;40.7052;0;10;14;Europe/Moscow;;
31510;Благовещенск;4162;50.2749;127.534;1;3;10;Asia/Yakutsk;Блага;Хайланьпао
28628;Благовещенск;34766;55.02;55.59;0;9;80;Asia/Yekaterinburg;;
34958;Благодарный;86549;45.1001;43.4281;0;66;7;Europe/Moscow;;
34138;Бобров;47350;51.06;40.02;0;28;20;Europe/Moscow;;
28443;Богданович;34376;56.7866;62.041;0;24;65;Asia/Yekaterinburg;;
27820;Богородицк;48761;53.7683;38.1205;0;41;70;Europe/Moscow;;
27557;Богородск;83170;56.0996;43.5073;0;50;22;Europe/Moscow;;
29553;Боготол;39157;56.1688;89.5832;0;69;4;Asia/Krasnoyarsk;
34336;Богучар;47366;49.9374;40.5593;0;28;20;Europe/Moscow;
30253;Бодайбо;39561;57.8475;114.176;0;8;25;Asia/Irkutsk;
26096;Бокситогорск;0;59.4694;33.8602;0;44;41;Europe/Moscow;
27696;Болгар;84347;54.9714;49.0365;0;53;92;Europe/Moscow;
26298;Бологое;48238;57.8835;34.0435;0;40;28;Europe/Moscow;
29539;Болотное;38349;55.6652;84.3791;0;70;50;Asia/Omsk;
27721;Болохово;0;54.076;37.8369;0;41;70;Europe/Moscow;
27809;Болхов;48640;53.4433;36.0105;0;36;54;Europe/Moscow;
28491;Большие Уки;38162;56.945;72.6255;0;71;52;Asia/Omsk;
28228;Большое Савино (аэропорт Пермь);0;57.9167;56.0267;0;21;57;Asia/Yekaterinburg;
31975;Большой Камень;42335;43.1121;132.346;0;1;5;Asia/Vladivostok;
31253;Бомнак;0;54.713;128.852;0;3;10;Asia/Yakutsk;
27460;Бор;83159;58.2687;43.3637;0;50;22;Europe/Moscow;
30965;Борзя;30233;50.3936;116.53;0;84;76;Asia/Yakutsk;
34146;Борисоглебск;47354;51.3659;42.0805;0;28;20;Europe/Moscow;
26291;Боровичи;81664;58.3951;33.901;0;46;49;Europe/Moscow;
27001;Боровск;0;55.2021;36.4794;0;30;29;Europe/Moscow;
29577;Бородино;39168;55.54;94.54;0;69;4;Asia/Krasnoyarsk;
30405;Братск;3953;56.1697;101.592;0;8;25;Asia/Irkutsk;
35041;Бреды;35141;52.4192;60.3503;0;4;75;Asia/Yekaterinburg;
27213;Брейтово;48545;58.3059;37.8598;0;42;78;Europe/Moscow;
27601;Бронницы;0;55.4194;38.2767;0;35;46;Europe/Moscow;
26898;Брянск;4832;53.3107;34.3004;1;13;15;Europe/Moscow;
28711;Бугульма;85594;54.5366;52.7976;0;53;92;Europe/Moscow;
28806;Бугуруслан;35352;53.6584;52.4361;0;20;53;Asia/Yekaterinburg;
37061;Буденновск;86559;44.7807;44.1485;0;66;7;Europe/Moscow;
28909;Бузулук;35342;52.7852;52.2526;0;20;53;Asia/Yekaterinburg;
27695;Буинск;84374;54.9674;48.3004;0;53;92;Europe/Moscow;
27242;Буй;49435;58.4873;41.5374;0;31;34;Europe/Moscow;
37471;Буйнакск;87237;42.8206;47.1179;0;61;82;Europe/Moscow;
34239;Бутурлиновка;47361;50.8306;40.5865;0;28;20;Europe/Moscow;
27527;Быково;0;55.38;38.04;0;35;46;Europe/Moscow;
34364;Быково;84495;49.7611;45.3922;0;15;18;Europe/Moscow;
22805;Валаам;0;61.3695;30.9498;0;48;86;Europe/Moscow;
26289;Валдай;81666;57.9797;33.2535;0;46;49;Europe/Moscow;
34321;Валуйки;47236;50.2133;38.102;0;10;14;Europe/Moscow;
37361;Ведено;87131;42.9558;46.1141;0;67;96;Europe/Moscow;
26578;Велиж;48132;55.6008;31.2015;0;38;66;Europe/Moscow;
26477;Великие Луки;81153;56.3468;30.539;0;47;58;Europe/Moscow;
26179;Великий Новгород;81622;58.545;31.2691;1;46;49;Europe/Moscow;
22981;Великий Устюг;81738;60.7632;46.3078;0;17;19;Europe/Moscow;Устюг
22867;Вельск;81836;61.067;42.1018;0;6;11;Europe/Moscow;
22686;Вендинга;82135;63.4482;47.9768;0;18;87;Europe/Moscow;
27822;Венёв;48745;54.3512;38.2726;0;41;70;Europe/Moscow;
28216;Верещагино;34254;58.0786;54.6638;0;21;57;Asia/Yekaterinburg;
27610;Верея;0;55.3412;36.1964;0;35;46;Europe/Moscow;
25538;Верхне Пенжино;0;64.13;164.14;0;100;30;Asia/Magadan;
28833;Верхнеуральск;35143;53.8727;59.2151;0;4;75;Asia/Yekaterinburg;
34579;Верхний Баскунчак;0;48.2319;46.7208;0;7;12;Europe/Moscow;
28244;Верхний Тагил;0;57.3746;59.9649;0;24;65;Asia/Yekaterinburg;
28541;Верхний Уфалей;35164;56.0204;60.102;0;4;75;Asia/Yekaterinburg;
28634;Верхняя Лука;0;55.07;58.09;0;4;75;Asia/Yekaterinburg;
28447;Верхняя Пышма;34368;57.127;60.5612;0;24;65;Asia/Yekaterinburg;
28242;Верхняя Салда;34345;58.0464;60.5552;0;24;65;Asia/Yekaterinburg;
28348;Верхняя Синячиха;0;57.9659;61.6753;0;24;65;Asia/Yekaterinburg;
28232;Верхняя Тура;0;58.3574;59.8223;0;24;65;Asia/Yekaterinburg;
27915;Верховье;48676;63.6195;40.6429;0;36;54;Europe/Moscow;
28144;Верхотурье;34319;58.8605;60.8341;0;24;65;Asia/Yekaterinburg;
24166;Верхоянск;41165;67.5519;133.378;0;77;98;Asia/Yakutsk;
27017;Весьегонск;48264;58.6509;37.2734;0;40;28;Europe/Moscow;
27277;Ветлуга;83150;57.8529;45.7877;0;65;60;Europe/Moscow;
27503;Видное;49554;55.5567;37.7125;0;35;46;Europe/Moscow;
24641;Вилюйск;41132;63.7544;121.617;0;77;98;Asia/Yakutsk;
32582;Вилючинск;41535;52.9398;158.409;0;100;30;Asia/Magadan;
22925;Винницы;380432;34.7668;60.6316;0;44;41;Europe/Moscow;
28333;Висим;0;57.6475;59.484;0;24;65;Asia/Yekaterinburg;
30054;Витим;0;59.438;112.56;0;77;98;Asia/Yakutsk;
30308;Вихоревка;0;56.12;101.172;0;8;25;Asia/Irkutsk;
27349;Вичуга;49354;57.2095;41.9209;0;29;24;Europe/Moscow;
37011;Вишневка;0;55.1314;21.436;0;43;27;Europe/Kaliningrad;
31960;Владивосток;4232;43.1307;131.924;1;1;5;Asia/Vladivostok;Владик
37228;Владикавказ;8672;43.0312;44.6758;1;64;90;Europe/Moscow;
27532;Владимир;4922;56.1277;40.4076;1;14;17;Europe/Moscow;
27524;Внуково;0;55.6069;37.3107;0;35;46;Europe/Moscow;
22829;Вознесенье;0;61.0189;35.4957;0;44;41;Europe/Moscow;
34560;Волгоград;8442;48.7181;44.5046;1;15;18;Europe/Moscow;Сталинград
34562;Волгодонск;86392;47.519;42.1412;0;65;60;Europe/Moscow;
27343;Волгореченск;49453;57.439;41.1639;0;31;34;Europe/Moscow;
27592;Волжск;83631;55.8704;48.356;0;52;88;Europe/Moscow;
34463;Волжский;8443;48.7951;44.8007;0;15;18;Europe/Moscow;
27037;Вологда;8172;59.2152;39.8767;1;17;19;Europe/Moscow;
27550;Володарск;83136;56.2378;43.189;0;50;22;Europe/Moscow;
27502;Волоколамск;49636;56.0457;35.944;0;35;46;Europe/Moscow;
26067;Волосово;81373;59.4475;29.4687;0;44;41;Europe/Moscow;
26159;Волхов;81363;59.9253;32.3296;0;44;41;Europe/Moscow;
23918;Волчанск;0;59.9353;60.0867;0;24;65;Asia/Yekaterinburg;
36022;Волчиха;38565;52.0213;80.3536;0;2;1;Asia/Omsk;
34086;Вольск;84593;52.0449;47.376;0;54;63;Europe/Moscow;
23226;Воркута;82151;67.485;64.0297;0;18;87;Europe/Moscow;
34123;Воронеж;4732;51.66;39.1974;1;28;20;Europe/Moscow;
27556;Ворсма;0;55.9863;43.2889;0;50;22;Europe/Moscow;
27530;Воскресенск;49644;55.3175;38.6859;0;35;46;Europe/Moscow;
28318;Воткинск;34145;57.0575;53.9951;0;22;94;Europe/Moscow;
27176;Вохма;49450;58.9299;46.7608;0;31;34;Europe/Moscow;
26071;Всеволожск;81370;60.0314;30.6396;0;44;41;Europe/Moscow;
23612;Вуктыл;82146;63.8706;57.326;0;18;87;Europe/Moscow;
22892;Выборг;81378;60.7037;28.7711;0;44;41;Europe/Moscow;
27643;Выкса;83177;55.3195;42.173;0;50;22;Europe/Moscow;
22894;Высоцк;0;60.6275;28.5674;0;44;41;Europe/Moscow;
22837;Вытегра;81746;61.016;36.4512;0;17;19;Europe/Moscow;
26393;Вышний Волочек;48233;57.5915;34.5564;0;40;28;Europe/Moscow;
31786;Вяземский;42153;47.5251;134.757;0;79;8;Asia/Vladivostok;
27543;Вязники;49233;56.2448;42.1298;0;14;17;Europe/Moscow;
26695;Вязьма;48131;55.2122;34.3094;0;38;66;Europe/Moscow;
28502;Вятские Поляны;83334;56.2215;51.0727;0;19;33;Europe/Moscow;
27443;Гаврилов Посад;49355;56.5562;40.1239;0;29;24;Europe/Moscow;
27330;Гаврилов-Ям;48534;57.3021;39.8568;0;42;78;Europe/Moscow;
27507;Гагарин;48135;55.5509;35.015;0;38;66;Europe/Moscow;
22020;Гаджиево;81539;69.2611;33.3314;0;45;47;Europe/Moscow;
35036;Гай;35362;51.4677;58.4547;0;20;53;Asia/Yekaterinburg;
27243;Галич;49437;58.3772;42.3374;0;31;34;Europe/Moscow;
26068;Гатчина;81371;59.5599;30.1386;0;44;41;Europe/Moscow;
26708;Гвардейск;40159;54.6481;21.0717;0;43;27;Europe/Kaliningrad;
26157;Гдов;81131;58.7465;27.8207;0;47;58;Europe/Moscow;
37004;Геленджик;86141;44.5777;38.0802;0;59;3;Europe/Moscow;
37058;Георгиевск;87951;44.1474;43.4687;0;66;7;Europe/Moscow;
28214;Глазов;34141;58.1353;52.6624;0;22;94;Europe/Moscow;
27628;Голицыно;49633;55.6151;36.9871;0;35;46;Europe/Moscow;
28332;Гора Белая, Уралец;0;57.655;59.7142;0;24;65;Asia/Yekaterinburg;
27551;Горбатов;0;56.1303;43.0697;0;50;22;Europe/Moscow;
36052;Горно-Алтайск;38822;51.9581;85.9713;1;2;1;Asia/Omsk;
28236;Горнозаводск;34269;58.3753;58.3229;0;21;57;Asia/Yekaterinburg;
36037;Горняк;38586;50.993;81.4679;0;2;1;Asia/Omsk;
27453;Городец;83161;56.6502;43.4704;0;50;22;Europe/Moscow;
34566;Городище;84468;53.2743;45.6979;0;15;18;Europe/Moscow;
34845;Городовиковск;84731;46.0917;41.928;0;63;85;Europe/Moscow;
27546;Гороховец;49238;56.1973;42.7031;0;14;17;Europe/Moscow;
37014;Горячий ключ;86159;44.6305;39.1458;0;59;3;Europe/Moscow;
30731;Горячинск;30144;52.9857;108.29;0;82;81;Asia/Irkutsk;
34206;Грайворон;47261;50.4818;35.6948;0;10;14;Europe/Moscow;
30732;Гремячинск;0;52.48;107.57;0;82;81;Asia/Irkutsk;
28137;Гремячинск;34250;58.5666;57.8418;0;21;57;Asia/Yekaterinburg;
37235;Грозный;8712;43.3098;45.6704;1;67;96;Europe/Moscow;
27937;Грязи;47461;52.4935;39.9108;0;33;42;Europe/Moscow;
27041;Грязовец;81755;58.8823;40.2474;0;17;19;Europe/Moscow;
28134;Губаха;34248;58.8649;57.603;0;21;57;Asia/Yekaterinburg;
34117;Губкин;47241;51.2721;37.5756;0;10;14;Europe/Moscow;
23551;Губкинский;34536;64.4333;76.5;0;25;71;Asia/Yekaterinburg;
37244;Гудермес;87152;43.3475;46.0936;0;67;96;Europe/Moscow;
34533;Гуково;86361;48.0508;39.9425;0;65;60;Europe/Moscow;
34935;Гулькевичи;86160;45.3536;40.6945;0;59;3;Europe/Moscow;
29743;Гурьевск;38463;54.2838;85.9431;0;68;32;Asia/Omsk;
26710;Гурьевск;40151;54.47;20.37;0;43;27;Europe/Kaliningrad;
26714;Гусев;40143;54.5924;22.2018;0;43;27;Europe/Kaliningrad;
30830;Гусиноозерск;30145;51.2841;106.526;0;82;81;Asia/Irkutsk;
27539;Гусь-Хрустальный;49241;55.6168;40.6727;0;14;17;Europe/Moscow;
28720;Давлеканово;34768;54.2127;55.0171;0;9;80;Asia/Yekaterinburg;
37469;Дагестанские Огни;87275;42.1228;48.1937;0;61;82;Europe/Moscow;
37005;Дагомыс;0;43.6593;39.6551;0;59;3;Europe/Moscow;
28457;Далматово;35252;56.2644;62.9326;0;23;37;Asia/Yekaterinburg;
31957;Дальнегорск;42373;44.5608;135.57;0;1;5;Asia/Vladivostok;
31873;Дальнереченск;42356;45.9287;133.738;0;1;5;Asia/Vladivostok;
27235;Данилов;48538;58.1865;40.1976;0;42;78;Europe/Moscow;
34267;Даниловка;84461;50.3658;44.107;0;15;18;Europe/Moscow;
27922;Данков;47465;53.2496;39.1428;0;33;42;Europe/Moscow;
22762;Двинской Березник;81831;62.1565;45.1188;0;6;11;Europe/Moscow;
28431;Дегтярск;0;56.7025;60.1155;0;24;65;Asia/Yekaterinburg;
27416;Дедовск;0;55.8684;37.1434;0;35;46;Europe/Moscow;
26673;Демидов;48147;55.2699;31.5234;0;38;66;Europe/Moscow;
26381;Демянск;81651;57.6446;32.4617;0;46;49;Europe/Moscow;
37470;Дербент;87240;42.0578;48.3005;0;61;82;Europe/Moscow;
26785;Десногорск;48153;54.1435;33.2908;0;38;66;Europe/Moscow;
37335;Джейрах;0;42.49;44.41;0;62;26;Europe/Moscow;
37009;Джубга;0;44.3191;38.7096;0;59;3;Europe/Moscow;
27457;Дзержинск;8313;56.2354;43.4453;0;50;22;Europe/Moscow;
29573;Дивногорск;39144;55.9502;92.3751;0;69;4;Asia/Krasnoyarsk;
37007;Дивноморск;0;44.3;38.08;0;59;3;Europe/Moscow;
37225;Дигора;86733;43.1546;44.1488;0;64;90;Europe/Moscow;
20674;Диксон;39152;73.5061;80.5166;0;69;4;Asia/Krasnoyarsk;
27799;Димитровград;84235;54.2236;49.6151;0;55;73;Europe/Moscow;
34938;Динская;86162;45.2177;39.2226;0;59;3;Europe/Moscow;
34104;Дмитриев-Льговский;47150;52.125;35.0765;0;32;38;Europe/Moscow;
27419;Дмитров;49622;56.3625;37.5411;0;35;46;Europe/Moscow;
34001;Дмитровск;48649;52.5078;35.1439;0;36;54;Europe/Moscow;
26268;Дно;81135;57.8306;29.9659;0;47;58;Europe/Moscow;
28222;Добрянка;34265;58.4603;56.4089;0;21;57;Asia/Yekaterinburg;
34719;Должанская;0;46.6382;37.8055;0;59;3;Europe/Moscow;
32133;Долинск;42442;47.3343;142.792;0;11;64;Asia/Vladivostok;
37197;Домбай;0;43.2919;41.616;0;58;91;Europe/Moscow;
27613;Домодедово;49679;55.4554;37.7578;0;35;46;Europe/Moscow;
34532;Донецк;86368;48.3379;39.9618;0;65;60;Europe/Moscow;
27826;Донской;48746;54.0298;38.4002;0;41;70;Europe/Moscow;
26687;Дорогобуж;48144;54.9205;33.3079;0;38;66;Europe/Moscow;
27414;Дубна;49621;56.7552;37.1397;0;35;46;Europe/Moscow;
34462;Дубовка;84458;49.0588;44.8174;0;15;18;Europe/Moscow;
23074;Дудинка;39111;69.4083;86.1817;0;69;4;Asia/Krasnoyarsk;
26579;Духовщина;48166;55.1989;32.4098;0;38;66;Europe/Moscow;
28614;Дюртюли;34787;55.4805;54.8715;0;9;80;Asia/Yekaterinburg;
26900;Дятьково;48333;53.5882;34.3528;0;13;15;Europe/Moscow;
27623;Егорьевск;49640;55.38;39.0357;0;35;46;Europe/Moscow;
34727;Ейск;86132;46.6919;38.2856;0;59;3;Europe/Moscow;
28440;Екатеринбург;343;56.8378;60.5968;1;24;65;Asia/Yekaterinburg;Екат;Ё-бург;Ельцинбург;Еханесбург
28506;Елабуга;85557;55.7618;52.0614;0;53;92;Europe/Moscow;
34253;Елань;84452;50.949;43.7233;0;15;18;Europe/Moscow;
34242;Елань-Коленовский;0;51.1627;41.1598;0;28;20;Europe/Moscow;
27648;Елатьма;0;54.9697;41.7538;0;37;61;Europe/Moscow;
27928;Елец;47467;52.622;38.5053;0;33;42;Europe/Moscow;
32548;Елизово;41531;53.1832;158.383;0;100;30;Asia/Magadan;
26783;Ельня;48146;54.5709;33.1848;0;38;66;Europe/Moscow;
28743;Еманжелинск;35138;54.7529;61.3248;0;4;75;Asia/Yekaterinburg;
23704;Емва;82139;62.5592;50.8341;0;18;87;Europe/Moscow;
29263;Енисейск;39115;58.4534;92.2008;0;69;4;Asia/Krasnoyarsk;
24817;Ербогачен;39560;51.16;108.01;0;8;25;Asia/Irkutsk;
27604;Ермолино;0;58.5332;31.081;0;30;29;Europe/Moscow;
34186;Ершов;84564;51.3558;48.284;0;54;63;Europe/Moscow;
37053;Ессентуки;87934;44.0498;42.8572;0;66;7;Europe/Moscow;
26099;Ефимовский;0;59.4964;34.6625;0;44;41;Europe/Moscow;
27921;Ефремов;48741;53.139;38.1137;0;41;70;Europe/Moscow;
37052;Железноводск;87932;44.1428;43.0167;0;66;7;Europe/Moscow;
29575;Железногорск;39197;56.15;93.32;0;69;4;Asia/Krasnoyarsk;
34002;Железногорск;47148;52.3257;35.3694;0;32;38;Europe/Moscow;
30316;Железногорск-Илимский;39566;56.5751;104.118;0;8;25;Asia/Irkutsk;
27633;Железнодорожный;49631;55.7474;38.0069;0;35;46;Europe/Moscow;
29757;Жемчужный;0;54.4922;90.1553;0;74;95;Asia/Krasnoyarsk;
34047;Жердевка;47535;51.8399;41.4741;0;39;68;Europe/Moscow;
24343;Жиганск;41164;66.7673;123.374;0;77;98;Asia/Yakutsk;
34777;Жигулевск;84862;53.4112;49.5349;0;12;36;Europe/Moscow;
26896;Жиздра;48445;53.7446;34.7383;0;30;29;Europe/Moscow;
34263;Жирновск;84454;50.9769;44.785;0;15;18;Europe/Moscow;
27702;Жуков;48432;55.0323;36.7394;0;30;29;Europe/Moscow;
26894;Жуковка;48334;53.539;33.7362;0;13;15;Europe/Moscow;
27626;Жуковский;49648;55.5933;38.1196;0;35;46;Europe/Moscow;
30968;Забайкальск;30251;49.6557;117.322;0;84;76;Asia/Yakutsk;
31527;Завитинск;41636;50.1282;129.443;0;3;10;Asia/Yakutsk;
28466;Заводоуковск;34542;56.5027;66.5481;0;25;71;Asia/Yekaterinburg;
27354;Заволжск;49333;57.4871;42.1318;0;29;24;Europe/Moscow;
27450;Заволжье;83169;56.6425;43.3928;0;50;22;Europe/Moscow;
27105;Завражье;0;58.47;36.01;0;17;19;Europe/Moscow;
28641;Завьялиха;0;54.7731;58.5244;0;4;75;Asia/Yekaterinburg;
34028;Задонск;47471;52.3819;38.9295;0;33;42;Europe/Moscow;
28605;Заинск;85558;55.3219;52.0764;0;53;92;Europe/Moscow;
30914;Закаменск;30137;50.3678;103.279;0;82;81;Asia/Irkutsk;
29579;Заозерный;39165;55.9701;94.7063;0;69;4;Asia/Krasnoyarsk;
22015;Заозерск;81556;69.3981;32.4378;0;45;47;Europe/Moscow;
26485;Западная Двина;48265;56.2682;32.065;0;40;28;Europe/Moscow;
22006;Заполярный;81554;69.4293;30.8374;0;45;47;Europe/Moscow;
27600;Зарайск;49666;54.7644;38.8795;0;35;46;Europe/Moscow;
27964;Заречный;0;53.2011;45.1927;0;51;56;Europe/Moscow;
28550;Заречный;0;56.49;61.20;0;24;65;Asia/Yekaterinburg;
29836;Заринск;38595;53.709;84.9673;0;2;1;Asia/Omsk;
27589;Звенигово;83645;55.9826;48.0211;0;52;88;Europe/Moscow;
27508;Звенигород;49632;55.7313;36.8661;0;35;46;Europe/Moscow;
34534;Зверево;86355;54.2013;54.2013;0;65;60;Europe/Moscow;
22895;Зеленогорск;0;60.2108;29.7133;0;44;41;Europe/Moscow;
29480;Зеленогорск;39169;56.07;94.05;0;69;4;Asia/Krasnoyarsk;
27602;Зеленоград;0;55.9889;37.1817;0;35;46;Europe/Moscow;
26608;Зеленоградск;40150;54.9598;20.475;0;43;27;Europe/Kaliningrad;
27591;Зеленодольск;84371;55.8447;48.5201;0;53;92;Europe/Moscow;Зеленый
37056;Зеленокумск;86552;44.4178;43.8698;0;66;7;Europe/Moscow;
34735;Зерноград;86359;46.8535;40.3104;0;65;60;Europe/Moscow;
31300;Зея;41658;53.7399;127.262;0;3;10;Asia/Yakutsk;
30603;Зима;39514;53.9224;102.048;0;8;25;Asia/Irkutsk;
28828;Зирган;34758;53.2237;55.9196;0;9;80;Asia/Yekaterinburg;
28630;Златоуст;3513;55.1861;59.6461;0;4;75;Asia/Yekaterinburg;
26992;Злынка;48358;52.4274;31.7292;0;13;15;Europe/Moscow;
36038;Змеиногорск;38517;51.1424;82.1893;0;2;1;Asia/Omsk;
34571;Знаменск;85140;48.35;45.43;0;7;12;Europe/Moscow;
26497;Зубцов;48262;56.1772;34.5882;0;40;28;Europe/Moscow;
28201;Зуевка;83337;58.397;51.1444;0;19;33;Europe/Moscow;
28327;Иван-Гора;0;56.07;57.50;0;21;57;Asia/Yekaterinburg;
26054;Ивангород;0;59.3785;28.2317;0;44;41;Europe/Moscow;
27347;Иваново;4932;56.9924;40.9678;1;29;24;Europe/Moscow;
23921;Ивдель;34316;60.6968;60.4267;0;24;65;Asia/Yekaterinburg;
23274;Игарка;39172;67.4732;86.5604;0;69;4;Asia/Krasnoyarsk;
30686;Игнашино;0;53.4614;122.405;0;3;10;Asia/Yakutsk;
29207;Игол;0;76.25;57.45;0;76;69;Asia/Omsk;
28411;Ижевск;3412;56.8426;53.2244;1;22;94;Europe/Moscow;
37473;Избербаш;87245;42.5667;47.8733;0;61;82;Europe/Moscow;
34945;Изобильный;86545;45.373;41.7103;0;66;7;Europe/Moscow;
29586;Иланский;39173;56.243;96.072;0;69;4;Asia/Krasnoyarsk;
34461;Иловля;84467;49.3044;43.9835;0;15;18;Europe/Moscow;
27872;Инза;84241;53.8579;46.361;0;55;73;Europe/Moscow;;
27861;Инсар;83449;53.8671;44.3753;0;16;89;Europe/Moscow;;
23327;Инта;82145;66.0331;60.1656;0;18;87;Europe/Moscow;;
34955;Ипатово;86542;45.7175;42.9148;0;66;7;Europe/Moscow;;
28351;Ирбит;34355;57.6835;63.0565;0;24;65;Asia/Yekaterinburg;;
30710;Иркутск;3952;52.2753;104.309;1;8;25;Asia/Irkutsk;;
28688;Исилькуль;38173;54.9059;71.2622;0;71;52;Asia/Omsk;;
29730;Искитим;38343;54.6402;83.3063;0;70;50;Asia/Omsk;;
27511;Истра;0;55.912;36.8605;0;35;46;Europe/Moscow;;
28573;Ишим;34551;56.1133;69.5111;0;25;71;Asia/Yekaterinburg;;
28829;Ишимбай;34794;53.4527;56.0343;0;9;80;Asia/Yekaterinburg;;
27485;Йошкар-Ола;8362;56.6375;47.8915;1;52;88;Europe/Moscow;Йошка;Йола
30729;Кабанск;30138;52.0605;106.653;0;82;81;Asia/Irkutsk;;
27039;Кадников;0;59.5078;40.3484;0;17;19;Europe/Moscow;;
23903;Кажим;0;60.3381;51.5431;0;18;87;Europe/Moscow;;
27595;Казань;843;55.7965;49.1082;1;53;92;Europe/Moscow;Казан;Kzn
34247;Калач;47363;50.4246;41.0255;0;28;20;Europe/Moscow;;
28696;Калачинск;38155;55.0522;74.585;0;71;52;Asia/Omsk;;
34552;Калач-на-Дону;84472;48.6904;43.5233;0;15;18;Europe/Moscow;;
22408;Калевала;81454;65.2072;31.1991;0;48;86;Europe/Moscow;;
26702;Калининград;4012;54.7116;20.51;1;43;27;Europe/Kaliningrad;Кенигнсберг;Кёнигсберг
34164;Калининск;84549;51.5038;44.4872;0;54;63;Europe/Moscow;;
28341;Калиново;0;57.1391;60.1525;0;24;65;Asia/Yekaterinburg;;
29850;Калтан;38472;53.5223;87.2781;0;68;32;Asia/Omsk;;
27703;Калуга;4842;54.5147;36.2714;1;30;29;Europe/Moscow;;
27317;Калязин;48249;57.2447;37.8376;0;40;28;Europe/Moscow;;
28416;Камбарка;34153;56.2673;54.1941;0;22;94;Europe/Moscow;;
27961;Каменка;84156;53.11;44.02;0;51;56;Europe/Moscow;;
22898;Каменногорск;0;60.9266;29.1506;0;44;41;Europe/Moscow;;
37025;Каменомостский;0;44.2974;40.1855;0;60;79;Europe/Moscow;;
28449;Каменск-Уральский;3439;56.4265;61.9085;0;24;65;Asia/Yekaterinburg;;
34535;Каменск-Шахтинский;86365;48.3193;40.2638;0;65;60;Europe/Moscow;;
29822;Камень-на-Оби;38514;53.7827;81.3431;0;2;1;Asia/Omsk;
27442;Камешково;49248;56.3465;40.9931;0;14;17;Europe/Moscow;
34893;Камызяк;85145;46.128;48.078;0;7;12;Europe/Moscow;
34363;Камышин;84457;50.0826;45.3927;0;15;18;Europe/Moscow;
28451;Камышлов;34375;56.8521;62.7085;0;24;65;Asia/Yekaterinburg;
27587;Канаш;83533;55.5054;47.4995;0;56;97;Europe/Moscow;
22217;Кандалакша;81533;67.158;32.4205;0;45;47;Europe/Moscow;
34825;Каневская;86164;46.0794;38.9693;0;59;3;Europe/Moscow;
29581;Канск;39161;56.2045;95.7319;0;69;4;Asia/Krasnoyarsk;
28544;Карабаш;35153;55.4558;60.2038;0;4;75;Asia/Yekaterinburg;
37476;Карабудахкент;87232;42.7086;47.5605;0;61;82;Europe/Moscow;Карабудашкент;
37229;Карабулак;87344;43.3059;44.9058;0;62;26;Europe/Moscow;
29814;Карасук;38355;53.7232;78.0577;0;70;50;Asia/Omsk;
37116;Карачаевск;87879;43.7753;41.9099;0;58;91;Europe/Moscow;
27901;Карачев;48335;53.1184;34.9705;0;13;15;Europe/Moscow;
29122;Каргасок;38253;59.0508;80.8624;0;76;69;Asia/Omsk;
29624;Каргат;38365;55.2009;80.2774;0;70;50;Asia/Omsk;
22845;Каргополь;81841;61.5063;38.9317;0;6;11;Europe/Moscow;
28040;Карпинск;34383;59.75;60.0014;0;24;65;Asia/Yekaterinburg;
28941;Карталы;35133;53.0658;60.6538;0;4;75;Asia/Yekaterinburg;
27323;Касимов;49131;54.9442;41.4068;0;37;61;Europe/Moscow;
28546;Касли;35149;55.8918;60.7637;0;4;75;Asia/Yekaterinburg;
37252;Каспийск;87246;42.8828;47.6382;0;61;82;Europe/Moscow;
28639;Катав-Ивановск;35147;54.7652;58.2048;0;4;75;Asia/Yekaterinburg;
28458;Катайск;35251;56.293;62.548;0;23;37;Asia/Yekaterinburg;
29563;Кача;0;56.103;92.2149;0;69;4;Asia/Krasnoyarsk;
28135;Качканар;34341;58.6983;59.4894;0;24;65;Asia/Yekaterinburg;
27316;Кашин;48234;57.3603;37.6043;0;40;28;Europe/Moscow;
27627;Кашира;49669;54.8394;38.1618;0;35;46;Europe/Moscow;
37206;Кашхатау;86636;43.317;43.6031;0;57;83;Europe/Moscow;
29314;Кедровый;39195;57.31;79.31;0;76;69;Asia/Omsk;Кедр
30102;Кежма;0;58.58;101.05;0;69;4;Asia/Krasnoyarsk;
29642;Кемерово;3842;55.3712;86.0524;1;68;32;Asia/Omsk;
22520;Кемь-Порт;0;64.9584;34.5683;0;48;86;Europe/Moscow;
34668;Кетченеры;84735;47.3149;44.5213;0;63;85;Europe/Moscow;
22737;Кижи;0;62.0714;35.2275;0;48;86;Europe/Moscow;
28131;Кизел;34255;59.0433;57.6545;0;21;57;Asia/Yekaterinburg;
37249;Кизилюрт;87234;43.2018;46.8776;0;61;82;Europe/Moscow;
37163;Кизляр;87239;43.8447;46.7187;0;61;82;Europe/Moscow;
27827;Кимовск;48735;53.9602;38.5427;0;41;70;Europe/Moscow;
27412;Кимры;48236;56.8773;37.3429;0;40;28;Europe/Moscow;
26059;Кингисепп;81375;59.3759;28.6091;0;44;41;Europe/Moscow;Кингисеп
28803;Кинель;84663;53.2217;50.6323;0;12;36;Europe/Moscow;
27346;Кинешма;49331;57.4497;42.1321;0;29;24;Europe/Moscow;
27818;Киреевск;48754;53.9386;37.9286;0;41;70;Europe/Moscow;
30230;Киренск;39568;57.7896;108.108;0;8;25;Asia/Irkutsk;
27438;Киржач;49237;56.166;38.8846;0;14;17;Europe/Moscow;
27019;Кириллов;81757;59.8512;38.3832;0;17;19;Europe/Moscow;Кирилов
26080;Кириши;81368;59.4481;32.0284;0;44;41;Europe/Moscow;
27199;Киров;8332;58.5961;49.6627;1;19;33;Europe/Moscow;Вятка
26796;Киров;48456;58.5961;49.6627;0;30;29;Europe/Moscow;
28343;Кировград;34357;57.425;60.0771;0;24;65;Asia/Yekaterinburg;
27198;Кирово-Чепецк;83361;58.5498;50.0398;0;19;33;Europe/Moscow;
26075;Кировск;81362;59.53;30.59;0;44;41;Europe/Moscow;
22216;Кировск;81531;67.6326;33.724;0;45;47;Europe/Moscow;
28009;Кирс;83339;59.3343;52.2384;0;19;33;Europe/Moscow;
27957;Кирсанов;47537;52.6505;42.7286;0;39;68;Europe/Moscow;
29749;Киселевск;38464;54.0152;86.6406;0;68;32;Asia/Omsk;
37123;Кисловодск;87937;43.923;42.7244;0;66;7;Europe/Moscow;
27631;Климовск;49676;55.3682;37.5405;0;35;46;Europe/Moscow;
27417;Клин;49624;55.6431;36.749;0;35;46;Europe/Moscow;
26984;Клинцы;48336;52.7587;32.256;0;13;15;Europe/Moscow;
27576;Княгинино;83166;55.8193;45.0346;0;50;22;Europe/Moscow;
22204;Ковдор;81535;67.5683;30.4856;0;45;47;Europe/Moscow;
27348;Ковров;49232;56.3867;41.3109;0;14;17;Europe/Moscow;
27759;Ковылкино;83453;54.0451;43.9309;0;16;89;Europe/Moscow;
23748;Когалым;34667;62.2401;74.5269;0;26;71100;Asia/Yekaterinburg;
29194;Кодинск;39143;58.36;99.11;0;69;4;Asia/Krasnoyarsk;
27708;Козельск;48442;54.0316;35.7904;0;30;29;Europe/Moscow;
27590;Козловка;83534;55.838;48.2627;0;56;97;Europe/Moscow;
27479;Козьмодемьянск;83632;56.339;46.5585;0;52;88;Europe/Moscow;
22112;Кола;81553;68.8759;33.0836;0;45;47;Europe/Moscow;
27164;Кологрив;49443;58.8296;44.3054;0;31;34;Europe/Moscow;
27625;Коломна;49661;55.0946;38.7758;0;35;46;Europe/Moscow;
29230;Колпашево;38254;58.3171;82.9159;0;76;69;Asia/Omsk;
26081;Колпино;0;59.7435;30.607;0;44;41;Europe/Moscow;
27446;Кольчугино;49245;56.3065;39.3721;0;14;17;Europe/Moscow;
27332;Комсомольск;49352;57.02;40.23;0;29;24;Europe/Moscow;
27762;Комсомольский;84743;67.5555;63.7949;0;63;85;Europe/Moscow;
31561;Комсомольск-на-Амуре;4217;50.5382;137.017;0;79;8;Asia/Vladivostok;
27415;Конаково;48242;56.694;36.7859;0;40;28;Europe/Moscow;
22727;Кондопога;81451;62.2115;34.2635;0;48;86;Europe/Moscow;
27709;Кондрово;48434;54.8085;35.9252;0;30;29;Europe/Moscow;
34644;Константиновск;86393;47.5854;41.1081;0;65;60;Europe/Moscow;
28649;Копейск;35139;55.1188;61.6236;0;4;75;Asia/Yekaterinburg;
27834;Кораблино;49143;53.9147;40.0244;0;37;61;Europe/Moscow;
34926;Кореновск;86142;45.4596;39.4536;0;59;3;Europe/Moscow;
28643;Коркино;35152;54.9136;61.4317;0;4;75;Asia/Yekaterinburg;
27510;Королев;498;55.9444;37.8647;0;35;46;Europe/Moscow;
34212;Короча;47231;50.8126;37.1978;0;10;14;Europe/Moscow;
32158;Корсаков;42435;46.6383;142.783;0;11;64;Asia/Vladivostok;
22885;Коряжма;81850;61.3166;47.146;0;6;11;Europe/Moscow;Коряшма
22553;Костомукша;81459;64.7001;30.6562;0;48;86;Europe/Moscow;
27333;Кострома;4942;57.7807;40.9367;1;31;34;Europe/Moscow;
34655;Котельниково;84476;47.6209;43.1495;0;15;18;Europe/Moscow;
27283;Котельнич;83342;58.3037;48.3279;0;19;33;Europe/Moscow;
22887;Котлас;81837;61.2587;46.6938;0;6;11;Europe/Moscow;;;;;;;;;;;;;;;;;;;;;;;;;;;;;;;;;;;;;;;;;;;;;;;;;;;;;;;;;;;;;;;;;;;;;
34268;Котово;84455;50.3111;44.8354;0;15;18;Europe/Moscow;;;;;;;;;;;;;;;;;;;;;;;;;;;;;;;;;;;;;;;;;;;;;;;;;;;;;;;;;;;;;;;;;;;;;
27943;Котовск;47541;52.5914;41.5052;0;39;68;Europe/Moscow;;;;;;;;;;;;;;;;;;;;;;;;;;;;;;;;;;;;;;;;;;;;;;;;;;;;;;;;;;;;;;;;;;;;;
27445;Кохма;4935;56.9284;41.0903;0;29;24;Europe/Moscow;;;;;;;;;;;;;;;;;;;;;;;;;;;;;;;;;;;;;;;;;;;;;;;;;;;;;;;;;;;;;;;;;;;;;
36259;Кош-Агач;38842;49.9945;88.681;0;2;1;Asia/Omsk;;;;;;;;;;;;;;;;;;;;;;;;;;;;;;;;;;;;;;;;;;;;;;;;;;;;;;;;;;;;;;;;;;;;;
22980;Красавино;0;60.9641;46.4788;0;17;19;Europe/Moscow;;;;;;;;;;;;;;;;;;;;;;;;;;;;;;;;;;;;;;;;;;;;;;;;;;;;;;;;;;;;;;;;;;;;;
37107;Красная Поляна;0;43.41;40.12;0;59;3;Europe/Moscow;;;;;;;;;;;;;;;;;;;;;;;;;;;;;;;;;;;;;;;;;;;;;;;;;;;;;;;;;;;;;;;;;;;;;
27433;Красноармейск;0;56.07;38.09;0;35;46;Europe/Moscow;;;;;;;;;;;;;;;;;;;;;;;;;;;;;;;;;;;;;;;;;;;;;;;;;;;;;;;;;;;;;;;;;;;;;
34170;Красноармейск;84550;51.0183;45.7047;0;54;63;Europe/Moscow;;;;;;;;;;;;;;;;;;;;;;;;;;;;;;;;;;;;;;;;;;;;;;;;;;;;;;;;;;;;;;;;;;;;;
23917;Красновишерск;34243;60.4003;57.0867;0;21;57;Asia/Yekaterinburg;;;;;;;;;;;;;;;;;;;;;;;;;;;;;;;;;;;;;;;;;;;;;;;;;;;;;;;;;;;;;;;;;;;;;
32118;Красногорск;0;48.27;142.1;0;11;64;Asia/Vladivostok;;;;;;;;;;;;;;;;;;;;;;;;;;;;;;;;;;;;;;;;;;;;;;;;;;;;;;;;;;;;;;;;;;;;;
27513;Красногорск;49653;55.8207;37.346;0;35;46;Europe/Moscow;;;;;;;;;;;;;;;;;;;;;;;;;;;;;;;;;;;;;;;;;;;;;;;;;;;;;;;;;;;;;;;;;;;;;
34929;Краснодар;861;45.0421;38.9806;1;59;3;Europe/Moscow;;;;;;;;;;;;;;;;;;;;;;;;;;;;;;;;;;;;;;;;;;;;;;;;;;;;;;;;;;;;;;;;;;;;;
26716;Краснознаменск;40164;54.57;22.30;0;43;27;Europe/Kaliningrad;;;;;;;;;;;;;;;;;;;;;;;;;;;;;;;;;;;;;;;;;;;;;;;;;;;;;;;;;;;;;;;;;;;;;
27500;Краснознаменск;0;55.6;37.0408;0;35;46;Europe/Moscow;;;;;;;;;;;;;;;;;;;;;;;;;;;;;;;;;;;;;;;;;;;;;;;;;;;;;;;;;;;;;;;;;;;;;
30977;Краснокаменск;30245;50.09;118.033;0;84;76;Asia/Yakutsk;;;;;;;;;;;;;;;;;;;;;;;;;;;;;;;;;;;;;;;;;;;;;;;;;;;;;;;;;;;;;;;;;;;;;
28223;Краснокамск;34273;58.0798;55.7315;0;21;57;Asia/Yekaterinburg;;;;;;;;;;;;;;;;;;;;;;;;;;;;;;;;;;;;;;;;;;;;;;;;;;;;;;;;;;;;;;;;;;;;;
23465;Красноселькуп;34932;65.7066;82.4595;0;27;71140;Asia/Yekaterinburg;;;;;;;;;;;;;;;;;;;;;;;;;;;;;;;;;;;;;;;;;;;;;;;;;;;;;;;;;;;;;;;;;;;;;
27756;Краснослободск;83443;54.26;43.46;0;16;89;Europe/Moscow;;;;;;;;;;;;;;;;;;;;;;;;;;;;;;;;;;;;;;;;;;;;;;;;;;;;;;;;;;;;;;;;;;;;;
34567;Краснослободск;84479;48.6879;44.5544;0;15;18;Europe/Moscow;;;;;;;;;;;;;;;;;;;;;;;;;;;;;;;;;;;;;;;;;;;;;;;;;;;;;;;;;;;;;;;;;;;;;
28041;Краснотурьинск;34384;59.7639;60.2055;0;24;65;Asia/Yekaterinburg;;;;;;;;;;;;;;;;;;;;;;;;;;;;;;;;;;;;;;;;;;;;;;;;;;;;;;;;;;;;;;;;;;;;;
28439;Красноуральск;34343;58.349;60.052;0;24;65;Asia/Yekaterinburg;;;;;;;;;;;;;;;;;;;;;;;;;;;;;;;;;;;;;;;;;;;;;;;;;;;;;;;;;;;;;;;;;;;;;
28434;Красноуфимск;34394;56.6078;57.7725;0;24;65;Asia/Yekaterinburg;;;;;;;;;;;;;;;;;;;;;;;;;;;;;;;;;;;;;;;;;;;;;;;;;;;;;;;;;;;;;;;;;;;;;
29570;Красноярск;391;56.0013;92.8856;1;69;4;Asia/Krasnoyarsk;;;;;;;;;;;;;;;;;;;;;;;;;;;;;;;;;;;;;;;;;;;;;;;;;;;;;;;;;;;;;;;;;;;;;
34273;Красный Кут;84560;50.57;46.58;0;54;63;Europe/Moscow;;;;;;;;;;;;;;;;;;;;;;;;;;;;;;;;;;;;;;;;;;;;;;;;;;;;;;;;;;;;;;;;;;;;;
34634;Красный Сулин;86367;47.895;40.0679;0;65;60;Europe/Moscow;;;;;;;;;;;;;;;;;;;;;;;;;;;;;;;;;;;;;;;;;;;;;;;;;;;;;;;;;;;;;;;;;;;;;
27215;Красный Холм;48237;58.0672;37.1197;0;40;28;Europe/Moscow;;;;;;;;;;;;;;;;;;;;;;;;;;;;;;;;;;;;;;;;;;;;;;;;;;;;;;;;;;;;;;;;;;;;;
27716;Кременки;0;56.0584;45.4441;0;30;29;Europe/Moscow;;;;;;;;;;;;;;;;;;;;;;;;;;;;;;;;;;;;;;;;;;;;;;;;;;;;;;;;;;;;;;;;;;;;;
26285;Крестцы;81659;58.2424;32.5025;0;46;49;Europe/Moscow;;;;;;;;;;;;;;;;;;;;;;;;;;;;;;;;;;;;;;;;;;;;;;;;;;;;;;;;;;;;;;;;;;;;;
26060;Кронштадт;0;59.9979;29.768;0;44;41;Europe/Moscow;;;;;;;;;;;;;;;;;;;;;;;;;;;;;;;;;;;;;;;;;;;;;;;;;;;;;;;;;;;;;;;;;;;;;
34936;Кропоткин;86138;45.4357;40.5766;0;59;3;Europe/Moscow;;;;;;;;;;;;;;;;;;;;;;;;;;;;;;;;;;;;;;;;;;;;;;;;;;;;;;;;;;;;;;;;;;;;;
37002;Крымск;86131;44.939;37.9949;0;59;3;Europe/Moscow;;;;;;;;;;;;;;;;;;;;;;;;;;;;;;;;;;;;;;;;;;;;;;;;;;;;;;;;;;;;;;;;;;;;;
27562;Кстово;83145;56.1516;44.1956;0;50;22;Europe/Moscow;
27501;Кубинка;49869;55.5694;36.6987;0;35;46;Europe/Moscow;
35124;Кувандык;35361;51.4807;57.3944;0;20;53;Asia/Yekaterinburg;
26392;Кувшиново;48257;57.0323;34.1843;0;40;28;Europe/Moscow;
28116;Кудымкар;34260;59.0094;54.6684;0;21;57;Asia/Yekaterinburg;
27963;Кузнецк;84157;53.1173;46.6121;0;51;56;Europe/Moscow;Кузнетск
29611;Куйбышев;38362;55.454;78.3046;0;70;50;Asia/Omsk;
27644;Кулебаки;83176;55.4155;42.5293;0;50;22;Europe/Moscow;
24891;Кулу;0;61.8836;147.432;0;80;44;Asia/Magadan;
36024;Кулунда;38566;52.5731;78.9305;0;2;1;Asia/Omsk;
28927;Кумертау;34761;52.7693;55.7935;0;9;80;Asia/Yekaterinburg;
28326;Кунгур;34271;57.4299;56.95;0;21;57;Asia/Yekaterinburg;
29706;Купино;38358;54.3706;77.297;0;70;50;Asia/Omsk;
28661;Курган;3522;55.4537;65.3423;1;23;37;Asia/Yekaterinburg;
37024;Курганинск;86147;44.8886;40.5964;0;59;3;Europe/Moscow;
32174;Курильск;42454;45.2261;147.877;0;11;64;Asia/Magadan;
27639;Курлово;0;55.4563;40.6134;0;14;17;Europe/Moscow;
27537;Куровское;0;55.5858;38.928;0;35;46;Europe/Moscow;
34009;Курск;4712;51.7403;36.1849;1;32;38;Europe/Moscow;
28659;Куртамыш;35249;54.9053;64.4441;0;23;37;Asia/Yekaterinburg;
30547;Курумкан;30149;54.19;110.19;0;82;81;Asia/Irkutsk;
34102;Курчатов;47131;51.6652;35.6464;0;32;38;Europe/Moscow;
28540;Куса;35154;55.3382;59.4446;0;4;75;Asia/Yekaterinburg;
28233;Кушва;34344;58.2886;59.7553;0;24;65;Asia/Yekaterinburg;
34737;Кущевская;86168;46.5504;39.6241;0;59;3;Europe/Moscow;
36096;Кызыл;39422;51.7219;94.4174;1;73;93;Asia/Krasnoyarsk;
30806;Кырен;0;51.6787;102.137;0;82;81;Asia/Irkutsk;
28646;Кыштым;35151;55.7186;60.5496;0;4;75;Asia/Yekaterinburg;
30925;Кяхта;30142;50.3541;106.443;0;82;81;Asia/Irkutsk;
37026;Лабинск;86169;44.6403;40.7279;0;59;3;Europe/Moscow;
23329;Лабытнанги;34992;66.6535;66.3968;0;27;71140;Asia/Yekaterinburg;
34984;Лагань;84733;45.3941;47.3483;0;63;85;Europe/Moscow;
26704;Ладушкин;4015666;54.5706;20.1752;0;43;27;Europe/Kaliningrad;
37019;Лазаревское;0;43.911;39.3381;0;59;3;Europe/Moscow;
27693;Лаишево;84378;55.4039;49.5491;0;53;92;Europe/Moscow;
27544;Лакинск;49242;56.0168;39.9627;0;14;17;Europe/Moscow;
23950;Лангепас;34669;61.2643;75.165;0;26;71100;Asia/Yekaterinburg;
22706;Лахденпохья;81450;61.5223;30.1926;0;48;86;Europe/Moscow;
27824;Лебедянь;47466;53.0054;39.1506;0;33;42;Europe/Moscow;
28714;Лениногорск;85515;54.5976;52.4583;0;53;92;Europe/Moscow;
34565;Ленинск;84478;48.7022;45.2048;0;15;18;Europe/Moscow;
29744;Ленинск-Кузнецкий;38456;54.6682;86.1791;0;68;32;Asia/Omsk;
24923;Ленск;41137;60.7269;114.945;0;77;98;Asia/Yakutsk;
37049;Лермонтов;87935;44.1153;42.9789;0;66;7;Europe/Moscow;
28136;Лесной;0;58.39;59.48;0;24;65;Asia/Yekaterinburg;
22806;Лесогорский;0;61.0447;28.9293;0;44;41;Europe/Moscow;
31875;Лесозаводск;42355;45.483;133.432;0;1;5;Asia/Vladivostok;
29264;Лесосибирск;39145;58.2421;92.4649;0;69;4;Asia/Krasnoyarsk;
34013;Ливны;48677;52.4262;37.6173;0;36;54;Europe/Moscow;
27440;Ликино-Дулево;0;55.6932;38.9625;0;35;46;Europe/Moscow;
27930;Липецк;4742;52.6059;39.5877;1;33;42;Europe/Moscow;
27813;Липки;0;53.57;37.42;0;41;70;Europe/Moscow;
34231;Лиски;47391;50.9811;39.5257;0;28;20;Europe/Moscow;
30813;Листвянка;0;51.8531;104.882;0;8;25;Asia/Irkutsk;
27403;Лихославль;48261;57.1152;35.4692;0;40;28;Europe/Moscow;
22913;Лодейное поле;81364;60.7311;33.5649;0;44;41;Europe/Moscow;
26064;Ломоносов;0;59.918;29.7067;0;44;41;Europe/Moscow;
27436;Лосино-Петровский;0;55.8762;38.2091;0;35;46;Europe/Moscow;
27421;Лотошино;0;56.2302;35.6407;0;35;46;Europe/Moscow;
26166;Луга;81372;58.728;29.8472;0;44;41;Europe/Moscow;
22982;Луза;83346;62.7042;37.0958;0;19;33;Europe/Moscow;
27665;Лукоянов;83196;55.0383;44.4979;0;50;22;Europe/Moscow;
27620;Луховицы;49663;54.9621;39.0267;0;35;46;Europe/Moscow;
27563;Лысково;83149;56.0127;45.0253;0;50;22;Europe/Moscow;
28234;Лысьва;34249;58.1004;57.8043;0;21;57;Asia/Yekaterinburg;
27536;Лыткарино;0;55.5778;37.9092;0;35;46;Europe/Moscow;
34101;Льгов;47140;51.6317;35.2623;0;32;38;Europe/Moscow;
26078;Любань;0;59.3419;31.2458;0;44;41;Europe/Moscow;
27504;Люберцы;0;55.6839;37.8811;0;35;46;Europe/Moscow;
27236;Любим;48543;58.3596;40.6993;0;42;78;Europe/Moscow;
26895;Людиново;48444;53.875;34.4352;0;30;29;Europe/Moscow;
23846;Лянтор;34638;61.6228;72.1445;0;26;71100;Asia/Yekaterinburg;
25913;Магадан;41322;59.5563;150.813;1;80;44;Asia/Magadan;
37146;Магас;87345;43.2223;44.7708;0;62;26;Europe/Moscow;
28838;Магнитогорск;3519;53.4593;59.0826;0;4;75;Asia/Yekaterinburg;Магнитка
37021;Майкоп;8772;44.6091;40.1132;1;60;79;Europe/Moscow;
37223;Майский;86633;43.6334;44.0685;0;57;83;Europe/Moscow;Майск
32116;Макаров;42443;48.6251;142.772;0;11;64;Asia/Vladivostok;
27259;Макарьев;4944555;57.8813;43.8016;0;31;34;Europe/Moscow;
28666;Макушино;35236;55.2096;67.2498;0;23;37;Asia/Yekaterinburg;
26184;Малая Вишера;81660;58.8401;32.2179;0;46;49;Europe/Moscow;
37226;Малгобек;87133;43.5118;44.6043;0;67;96;Europe/Moscow;
28401;Малмыж;83347;56.5182;50.6792;0;19;33;Europe/Moscow;
34012;Малоархангельск;48679;52.3956;36.5164;0;36;54;Europe/Moscow;
27606;Малоярославец;48431;55.0092;36.4761;0;30;29;Europe/Moscow;
28503;Мамадыш;85563;55.717;51.4082;0;53;92;Europe/Moscow;
26606;Мамоново;4015660;54.4632;19.9416;0;43;27;Europe/Kaliningrad;
27262;Мантурово;49446;58.3404;44.7559;0;31;34;Europe/Moscow;
29551;Мариинск;38443;56.2137;87.7516;0;68;32;Asia/Omsk;
27583;Мариинский Посад;83542;56.112;47.718;0;56;97;Europe/Moscow;
34173;Маркс;84567;51.7077;46.7492;0;54;63;Europe/Moscow;
37472;Махачкала;8722;42.9728;47.4936;1;61;82;Europe/Moscow;
26983;Мглин;48339;53.0605;32.8553;0;13;15;Europe/Moscow;
23949;Мегион;34663;61.0504;76.1135;0;26;71100;Asia/Yekaterinburg;
22721;Медвежьегорск;81434;62.9116;34.4349;0;48;86;Europe/Moscow;
35129;Медногорск;35379;51.4073;57.5817;0;20;53;Asia/Yekaterinburg;
27714;Медынь;48433;54.97;35.8749;0;30;29;Europe/Moscow;
28732;Межгорье;34781;54.03;57.49;0;9;80;Asia/Yekaterinburg;
29854;Междуреченск;38475;53.7216;88.0688;0;68;32;Asia/Omsk;
28067;Междуреченский;69194;59.598;65.877;0;26;71100;Asia/Yekaterinburg;
22471;Мезень;81848;65.8353;44.2625;0;6;11;Europe/Moscow;
27637;Меленки;49247;55.3416;41.6307;0;14;17;Europe/Moscow;
28925;Мелеуз;34764;52.9609;55.9315;0;9;80;Asia/Yekaterinburg;
28508;Менделеевск;85549;55.9089;52.2919;0;53;92;Europe/Moscow;
28517;Мензелинск;85555;55.7265;53.096;0;53;92;Europe/Moscow;
25716;Меренга;0;61.8969;156.13;0;80;44;Asia/Magadan;
27705;Мещовск;48446;54.3222;35.2939;0;30;29;Europe/Moscow;
28647;Миасс;0;55.0328;60.1219;0;4;75;Asia/Yekaterinburg;
23703;Микунь;82134;62.3595;50.0685;0;18;87;Europe/Moscow;
34438;Миллерово;86315;48.9236;40.408;0;65;60;Europe/Moscow;Милерово
37054;Минеральные Воды;87922;44.2142;43.1351;0;66;7;Europe/Moscow;Мин воды
29866;Минусинск;39132;53.7141;91.7127;0;69;4;Asia/Krasnoyarsk;
28631;Миньяр;35131;55.0681;57.5517;0;4;75;Asia/Yekaterinburg;
24726;Мирный;41136;62.5308;113.976;0;77;98;Asia/Yakutsk;
22755;Мирный;81834;62.46;40.20;0;6;11;Europe/Moscow;
27729;Михайлов;49130;54.2326;39.0188;0;37;61;Europe/Moscow;
34352;Михайловка;84463;50.0647;43.2576;0;15;18;Europe/Moscow;
28438;Михайловск;34398;56.4421;59.1289;0;24;65;Asia/Yekaterinburg;
34948;Михайловск;86553;45.09;42.03;0;66;7;Europe/Moscow;
27935;Мичуринск;47545;52.9001;40.4799;0;39;68;Europe/Moscow;
30673;Могоча;30241;53.7436;119.763;0;104;76212;Asia/Yakutsk;
27509;Можайск;49638;55.5048;36.0336;0;35;46;Europe/Moscow;
28409;Можга;34139;56.3693;52.2493;0;22;94;Europe/Moscow;
37145;Моздок;86736;43.7419;44.6628;0;64;90;Europe/Moscow;
27307;Мокшан;84150;53.4447;44.6129;0;51;56;Europe/Moscow;
22212;Мончегорск;81536;67.923;32.9527;0;45;47;Europe/Moscow;
34545;Морозовск;86314;48.3565;41.8169;0;65;60;Europe/Moscow;
27848;Моршанск;47533;53.4528;41.8035;0;39;68;Europe/Moscow;
27704;Мосальск;48452;54.4896;34.9905;0;30;29;Europe/Moscow;
27612;Москва;495;55.50;55.50;1;35;46;Europe/Moscow;МСК
27617;Москва, МГУ;0;55.7028;37.5306;2;35;46;Europe/Moscow;
37029;Мостовской;86192;44.4116;40.8005;0;59;3;Europe/Moscow;
27454;Мулино;0;56.3171;42.9468;0;50;22;Europe/Moscow;
23655;Муравленко;34538;63.7753;74.5189;0;25;71;Asia/Yekaterinburg;
27097;Мураши;83348;59.3993;48.9636;0;19;33;Europe/Moscow;
22113;Мурманск;8152;68.9532;33.1071;1;45;47;Europe/Moscow;Мурик
27549;Муром;49234;55.5743;42.0515;0;14;17;Europe/Moscow;
31740;Мухен;0;48.1958;136.113;0;79;8;Asia/Vladivostok;
27817;Мценск;48646;53.2888;36.592;0;36;54;Europe/Moscow;
25173;Мыс Шмидта;42739;68.55;180.31;0;5;77;Asia/Magadan;
29853;Мыски;38474;53.7086;87.8016;0;68;32;Asia/Omsk;
27525;Мытищи;49558;55.9189;37.7584;0;35;46;Europe/Moscow;
27220;Мышкин;48544;57.7875;38.4425;0;42;78;Europe/Moscow;
28507;Набережные Челны;8552;55.73;52.4332;0;53;92;Europe/Moscow;Челны
27542;Навашино;83175;55.5518;42.1918;0;50;22;Europe/Moscow;
27352;Наволоки;0;57.4692;41.9596;0;29;24;Europe/Moscow;
23445;Надым;34995;65.5354;72.5435;0;27;71140;Asia/Yekaterinburg;
29561;Назарово;39155;56.0109;90.3953;0;69;4;Asia/Krasnoyarsk;
37251;Назрань;8732;43.2167;44.7667;1;62;26;Europe/Moscow;
28588;Называевск;38161;55.5637;71.3489;0;71;52;Asia/Omsk;
37212;Нальчик;8662;43.487;43.603;1;57;83;Europe/Moscow;
34886;Нариманов;85171;46.6851;47.8456;0;7;12;Europe/Moscow;
27611;Наро-Фоминск;49634;55.3832;36.7557;0;35;46;Europe/Moscow;
37214;Нарткала;86635;43.5538;43.8512;0;57;83;Europe/Moscow;
29127;Нарым;0;49.12;84.30;0;76;69;Asia/Omsk;
23205;Нарьян-Мар;81853;67.6691;53.082;1;6;11;Europe/Moscow;
31970;Находка;42366;42.7817;132.859;0;1;5;Asia/Vladivostok;
26555;Невель;81151;56.0265;29.9207;0;47;58;Europe/Moscow;
32145;Невельск;42436;46.6848;141.859;0;11;64;Asia/Vladivostok;
37036;Невинномысск;86554;44.6333;41.9336;0;66;7;Europe/Moscow;
28344;Невьянск;34356;57.4919;60.2077;0;24;65;Asia/Yekaterinburg;
26486;Нелидово;48266;56.2184;32.7911;0;40;28;Europe/Moscow;
26615;Неман;40162;55.0389;22.0282;0;43;27;Europe/Kaliningrad;
28940;Неплюевка;0;52.9016;60.1251;0;4;75;Asia/Yekaterinburg;
27350;Нерехта;49431;57.4533;40.5798;0;31;34;Europe/Moscow;
30768;Нерчинск;30242;51.9711;116.588;0;84;76;Asia/Yakutsk;
30392;Нерюнгри;41147;56.6718;124.65;0;77;98;Asia/Yakutsk;
26715;Нестеров;40144;54.6321;22.5707;0;43;27;Europe/Kaliningrad;
28173;Нефедова;0;58.8253;72.5567;0;25;71;Asia/Yekaterinburg;
28902;Нефтегорск;84670;52.8029;51.1734;0;12;36;Europe/Moscow;
28513;Нефтекамск;34783;56.0917;54.2617;0;9;80;Asia/Yekaterinburg;
37071;Нефтекумск;86558;44.7537;44.9903;0;66;7;Europe/Moscow;
23848;Нефтеюганск;3463;61.1023;72.604;0;26;71100;Asia/Yekaterinburg;
28417;Нечкино;0;56.653;53.7607;0;22;94;Europe/Moscow;
27260;Нея;49444;58.2994;43.8612;0;31;34;Europe/Moscow;
30434;Нижнеангарск;0;55.47;109.34;0;8;25;Asia/Irkutsk;
23471;Нижневартовск;3466;60.948;76.5558;0;26;71100;Asia/Yekaterinburg;;
28899;Нижнекамск;8555;55.6294;51.8109;0;53;92;Europe/Moscow;;
29698;Нижнеудинск;39557;54.9063;99.0254;0;8;25;Asia/Irkutsk;;
28432;Нижние Серги;34396;56.6625;59.305;0;24;65;Asia/Yekaterinburg;;
27960;Нижний Ломов;84154;53.5328;43.6784;0;51;56;Europe/Moscow;;
27459;Нижний Новгород;831;56.3299;44.0092;1;50;22;Europe/Moscow;Горький;
28240;Нижний Тагил;3435;57.9426;59.9563;0;24;65;Asia/Yekaterinburg;;
28243;Нижняя Салда;0;58.0973;60.857;0;24;65;Asia/Yekaterinburg;;
28140;Нижняя Тура;34342;58.7435;59.8394;0;24;65;Asia/Yekaterinburg;;
34365;Николаевск;84494;50.0216;45.4623;0;15;18;Europe/Moscow;;
31369;Николаевск-на-Амуре;42135;53.1427;140.706;0;79;8;Asia/Vladivostok;;
27252;Николо-Полома;0;58.3466;43.3155;0;31;34;Europe/Moscow;;
27066;Никольск;81754;59.32;45.28;0;15;18;Europe/Moscow;;
27871;Никольск;84165;53.7101;46.0764;0;51;56;Europe/Moscow;;
30323;Ния;0;56.5348;106.833;0;8;25;Asia/Irkutsk;;
30218;Новая Игирма;0;57.1437;103.931;0;8;25;Asia/Irkutsk;;
22917;Новая Ладога;0;60.1237;32.2847;0;44;41;Europe/Moscow;
28045;Новая Ляля;34388;59.0553;60.6029;0;24;65;Asia/Yekaterinburg;
34944;Новоалександровск;86544;45.5023;41.2091;0;66;7;Europe/Moscow;
29841;Новоалтайск;38532;53.4047;83.9377;0;2;1;Asia/Omsk;
34254;Новоаннинский;84447;50.5218;42.6644;0;15;18;Europe/Moscow;
34124;Нововоронеж;47364;51.3065;39.2066;0;28;20;Europe/Moscow;
22552;Новодвинск;81852;64.4234;40.8204;0;6;11;Europe/Moscow;
26993;Новозыбков;48343;52.5391;31.9449;0;13;15;Europe/Moscow;
34934;Новокубанск;86195;45.1079;41.0497;0;59;3;Europe/Moscow;
29846;Новокузнецк;3843;53.7407;87.1135;0;68;32;Asia/Omsk;
28904;Новокуйбышевск;84635;53.1081;49.9209;0;12;36;Europe/Moscow;
27934;Новомичуринск;49141;54.0332;39.7373;0;37;61;Europe/Moscow;
27718;Новомосковск;48762;54.0796;38.2295;0;41;70;Europe/Moscow;
34241;Новониколаевский;84444;50.9813;42.3686;0;15;18;Europe/Moscow;
37210;Новопавловск;87938;43.9638;43.6317;0;66;7;Europe/Moscow;
26360;Новоржев;81143;57.0342;29.3329;0;47;58;Europe/Moscow;
31991;Новороссийка;0;50.6232;128.85;0;3;10;Asia/Yakutsk;
37006;Новороссийск;8617;44.7529;37.7683;0;59;3;Europe/Moscow;
29634;Новосибирск;383;55.0392;82.9278;1;70;50;Asia/Omsk;Новосиб
27914;Новосиль;48673;52.9756;37.0528;0;36;54;Europe/Moscow;
26463;Новосокольники;81144;56.3518;30.1684;0;47;58;Europe/Moscow;
27873;Новоспасское;84238;53.1426;47.7603;0;55;73;Europe/Moscow;
35035;Новотроицк;0;51.209;58.3031;0;20;53;Asia/Yekaterinburg;
34289;Новоузенск;84562;50.4585;48.1345;0;54;63;Europe/Moscow;
27787;Новоульяновск;84255;54.1443;48.3894;0;55;73;Europe/Moscow;
28342;Новоуральск;34370;57.15;60.05;0;24;65;Asia/Yekaterinburg;
34140;Новохоперск;47353;51.0973;41.6237;0;28;20;Europe/Moscow;
27582;Новочебоксарск;0;56.1126;47.485;0;56;97;Europe/Moscow;Новчик
34732;Новочеркасск;86352;47.422;40.092;0;65;60;Europe/Moscow;Новочек
34633;Новошахтинск;86369;47.7587;39.9336;0;65;60;Europe/Moscow;
32005;Новые Лангры;0;53.1229;142.096;0;11;64;Asia/Vladivostok;
34213;Новый Оскол;47233;50.7615;37.8695;0;10;14;Europe/Moscow;
23358;Новый Уренгой;3494;66.0942;76.7025;0;27;71140;Asia/Yekaterinburg;Нур
27529;Ногинск;0;55.8559;38.4515;0;35;46;Europe/Moscow;
32053;Ноглики;42444;51.8122;143.165;0;11;64;Asia/Vladivostok;
27393;Нолинск;83368;57.5609;49.9341;0;19;33;Europe/Moscow;
23078;Норильск;3919;69.3304;88.2205;0;69;4;Asia/Krasnoyarsk;
23356;Ноябрьск;34964;63.1757;75.4139;0;25;71;Asia/Yekaterinburg;
28706;Нурлат;84345;54.4227;50.7893;0;53;92;Europe/Moscow;
28219;Нытва;34272;57.9405;55.3313;0;21;57;Asia/Yekaterinburg;
24639;Нюрба;41134;63.2825;118.341;0;77;98;Asia/Yakutsk;
23733;Нягань;34672;62.1333;65.3833;0;26;71100;Asia/Yekaterinburg;
28533;Нязепетровск;35156;56.0473;59.6147;0;4;75;Asia/Yekaterinburg;
22854;Няндома;81838;61.6723;40.2066;0;6;11;Europe/Moscow;
31702;Облучье;42666;49.0151;131.054;0;85;99;Asia/Vladivostok;
27002;Обнинск;48439;55.1001;36.6241;0;30;29;Europe/Moscow;
34109;Обоянь;47141;51.2117;36.2789;0;32;38;Europe/Moscow;
23906;Объячево;82133;60.3403;49.6016;0;18;87;Europe/Moscow;
29630;Обь;38373;54.9965;82.7292;0;70;50;Asia/Omsk;
27517;Одинцово;49628;55.6717;37.2811;0;35;46;Europe/Moscow;
22897;Озерки;0;60.13;29.00;0;44;41;Europe/Moscow;
28545;Озерск;35130;55.7558;60.7141;0;4;75;Asia/Yekaterinburg;
26712;Озерск;40142;54.25;22.00;0;43;27;Europe/Kaliningrad;
27621;Озеры;49670;54.8544;38.5246;0;35;46;Europe/Moscow;
24688;Оймякон;41154;63.4609;142.786;0;77;98;Asia/Magadan;
27893;Октябрьск;84646;53.1672;48.7019;0;12;36;Europe/Moscow;
28538;Октябрьский;34767;54.29;53.28;0;9;80;Asia/Yekaterinburg;
34656;Октябрьский;84475;47.58;43.39;0;15;18;Europe/Moscow;
23734;Октябрьское;34678;62.27;66.03;0;26;71100;Asia/Yekaterinburg;
28754;Октябрьское;35158;54.25;62.42;0;4;75;Asia/Yekaterinburg;
26283;Окуловка;81657;58.3698;33.3016;0;46;49;Europe/Moscow;
24944;Олекминск;41138;60.3767;120.424;0;77;98;Asia/Yakutsk;
21945;Оленегорск;0;70.25;147.36;0;77;98;Asia/Yakutsk;
22118;Оленегорск;81552;68.1549;33.2356;0;45;47;Europe/Moscow;
24125;Оленек;41169;68.5091;112.469;0;77;98;Asia/Magadan;;
22912;Олонец;81436;60.9726;32.9817;0;48;86;Europe/Moscow;;
28698;Омск;3812;54.9709;73.3938;1;71;52;Asia/Omsk;;
28109;Омутнинск;83352;58.6669;52.1951;0;19;33;Europe/Moscow;;
22641;Онега;81839;63.9084;38.102;0;6;11;Europe/Moscow;;
26456;Опочка;81138;56.7081;28.6622;0;47;58;Europe/Moscow;;
27906;Орел;4862;52.9685;36.0695;1;36;54;Europe/Moscow;;
35121;Оренбург;3532;51.7682;55.1037;1;20;53;Asia/Yekaterinburg;Орен;Орб
27522;Орехово-Зуево;4964;55.8071;38.9895;0;35;46;Europe/Moscow;Орехово;
27187;Орлов;83365;58.5436;48.8957;0;19;33;Europe/Moscow;;
35138;Орск;3537;51.2184;58.6204;0;20;53;Asia/Yekaterinburg;;
28324;Оса;34291;57.2834;55.4547;0;21;57;Asia/Yekaterinburg;;
29851;Осинники;38471;53.6068;87.3377;0;68;32;Asia/Omsk;Осиники;
26389;Осташков;48235;57.1399;33.1252;0;40;28;Europe/Moscow;;
26358;Остров;81152;57.3477;28.3642;0;47;58;Europe/Moscow;;
22049;Островной;81558;68.03;39.31;0;45;47;Europe/Moscow;;
34230;Острогожск;47375;50.86;39.0728;0;28;20;Europe/Moscow;
26082;Отрадное;0;59.7713;30.816;0;44;41;Europe/Moscow;
28808;Отрадный;84661;53.3783;51.334;0;12;36;Europe/Moscow;
32060;Оха;42437;53.5843;142.946;0;11;64;Asia/Vladivostok;
28321;Оханск;34279;57.7146;55.3878;0;21;57;Asia/Yekaterinburg;
27108;Охона;0;58.5644;35.6314;0;46;49;Europe/Moscow;
31088;Охотск;42141;59.3616;143.217;0;79;8;Asia/Vladivostok;
28217;Очер;34278;57.8814;54.7206;0;21;57;Asia/Yekaterinburg;
27555;Павлово;83171;60.0853;45.2866;0;50;22;Europe/Moscow;
34237;Павловск;47362;50.28;40.06;0;28;20;Europe/Moscow;
34834;Павловская;86191;46.1367;39.7854;0;59;3;Europe/Moscow;
27523;Павловский Посад;49643;55.779;38.6439;0;35;46;Europe/Moscow;
32227;Палана;41543;59.0829;159.951;0;100;30;Asia/Magadan;
34373;Палласовка;84492;50.0448;46.8938;0;15;18;Europe/Moscow;
31987;Партизанск;423630;43.1231;133.129;0;1;5;Asia/Vladivostok;
25051;Певек;42737;69.6972;170.376;0;5;77;Asia/Magadan;
27962;Пенза;8412;53.2009;45.0104;1;51;56;Europe/Moscow;
26481;Пено;48230;56.56;32.44;0;40;28;Europe/Moscow;
27757;Первомайск;83139;54.8674;43.8211;0;50;22;Europe/Moscow;
28437;Первоуральск;34392;56.923;59.9422;0;24;65;Asia/Yekaterinburg;
27664;Перевоз;83148;55.596;44.5488;0;50;22;Europe/Moscow;
27425;Переславль-Залесский;48535;56.7421;38.8646;0;42;78;Europe/Moscow;Переславль
28224;Пермь;3422;57.9972;56.2353;1;21;57;Asia/Yekaterinburg;
27109;Пестово;81669;58.6002;35.8125;0;46;49;Europe/Moscow;
26074;Петергоф;0;59.8695;29.9205;0;44;41;Europe/Moscow;
34269;Петров Вал;0;50.1295;45.2055;0;15;18;Europe/Moscow;
34063;Петровск;84555;52.3183;45.3916;0;54;63;Europe/Moscow;
30834;Петровск-Забайкальский;30236;51.2879;108.829;0;104;76212;Asia/Yakutsk;
27327;Петровское;47544;57.0126;39.2645;0;39;68;Europe/Moscow;
22820;Петрозаводск;8142;61.7822;34.3621;1;48;86;Europe/Moscow;
32583;Петропавловск-Камчатский;4152;53.0616;158.622;1;100;30;Asia/Magadan;Петропавловск
28674;Петухово;35235;55.1014;67.9694;0;23;37;Asia/Yekaterinburg;
27526;Петушки;0;55.9225;39.4645;0;14;17;Europe/Moscow;
22005;Печенга;0;69.5224;31.1691;0;45;47;Europe/Moscow;
23418;Печора;82142;65.1445;57.2285;0;18;87;Europe/Moscow;
26351;Печоры;81148;57.8161;27.6118;0;47;58;Europe/Moscow;
26097;Пикалево;81366;59.5129;34.1774;0;44;41;Europe/Moscow;
22563;Пинега;81856;64.7037;43.3962;0;6;11;Europe/Moscow;
26607;Пионерский;40155;54.9489;20.2247;0;43;27;Europe/Kaliningrad;
22709;Питкяранта;81433;61.5735;31.479;0;48;86;Europe/Moscow;
27814;Плавск;48752;53.7073;37.289;0;41;70;Europe/Moscow;
28744;Пласт;35160;54.3746;60.8117;0;4;75;Asia/Yekaterinburg;
27345;Плёс;0;57.4565;41.516;0;29;24;Europe/Moscow;Плес
22672;Плесецк;81832;62.7082;40.2966;0;6;11;Europe/Moscow;
34147;Поворино;47376;51.2022;42.2607;0;28;20;Europe/Moscow;
27630;Подольск;4967;55.432;37.5518;0;35;46;Europe/Moscow;
22921;Подпорожье;81365;60.9149;34.1678;0;44;41;Europe/Moscow;
23951;Покачи;0;61.7211;75.3717;0;26;71100;Asia/Yekaterinburg;
27535;Покров;49243;55.9186;39.1784;0;14;17;Europe/Moscow;
24856;Покровск;41144;61.4839;129.15;0;77;98;Asia/Yakutsk;
28436;Полевской;34350;56.4409;60.1907;0;24;65;Asia/Yekaterinburg;
26709;Полесск;40158;54.8625;21.1041;0;43;27;Europe/Kaliningrad;
29746;Полысаево;0;54.5852;86.2391;0;68;32;Asia/Omsk;
22215;Полярные Зори;81532;67.3711;32.4986;0;45;47;Europe/Moscow;
22019;Полярный;81551;69.1938;33.4446;0;45;47;Europe/Moscow;
28715;Поповка;0;54.12;53.15;0;53;92;Europe/Moscow;
32098;Поронайск;42431;49.1300;143.0600;0;11;64;Asia/Vladivostok;
26362;Порхов;81134;57.7596;29.5405;0;47;58;Europe/Moscow;
28708;Поташная Поляна;0;54.58;52.21;0;53;92;Europe/Moscow;
28809;Похвистнево;84656;53.6562;52.1277;0;12;36;Europe/Moscow;
26986;Почеп;48345;52.9348;33.4472;0;13;15;Europe/Moscow;
26784;Починок;48149;54.4091;32.4395;0;38;66;Europe/Moscow;
27223;Пошехонье;48546;58.5034;39.143;0;42;78;Europe/Moscow;
31587;Поярково;41637;49.6333;128.642;0;3;10;Asia/Yakutsk;
26707;Правдинск;40157;54.4466;21.0188;0;43;27;Europe/Kaliningrad;
27344;Приволжск;49339;57.3798;41.2989;0;29;24;Europe/Moscow;
22893;Приморск;0;60.23;28.36;0;44;41;Europe/Moscow;
34824;Приморско-Ахтарск;86143;46.0551;38.1941;0;59;3;Europe/Moscow;
26158;Приозерск;81379;61.0428;30.1214;0;44;41;Europe/Moscow;
29845;Прокопьевск;38466;53.881;86.7275;0;68;32;Asia/Omsk;
34748;Пролетарск;86374;46.7006;41.7211;0;65;60;Europe/Moscow;
27724;Протвино;0;54.8659;37.2166;0;35;46;Europe/Moscow;
37144;Прохладный;86631;43.45;44.03;0;57;83;Europe/Moscow;
37028;Псебай;0;44.1064;40.7912;0;59;3;Europe/Moscow;
26258;Псков;8112;57.8244;28.3305;1;47;58;Europe/Moscow;
34098;Пугачев;84574;52.0206;48.7982;0;54;63;Europe/Moscow;
22831;Пудож;81452;61.8203;36.5331;0;48;86;Europe/Moscow;
26457;Пустошка;81142;56.3368;29.3685;0;47;58;Europe/Moscow;
27448;Пучеж;49345;56.981;43.1632;0;29;24;Europe/Moscow;
26073;Пушкин;0;59.7081;30.4186;0;44;41;Europe/Moscow;
27608;Пушкино;0;56.0116;37.8618;0;35;46;Europe/Moscow;
26359;Пушкинские горы;81146;57.0223;28.9241;0;47;58;Europe/Moscow;
27725;Пущино;0;54.939;37.357;0;35;46;Europe/Moscow;
26361;Пыталово;81147;57.0708;27.9248;0;47;58;Europe/Moscow;
23944;Пыть-Ях;34634;60.7498;72.8593;0;26;71100;Asia/Yekaterinburg;
28452;Пышма;34372;56.9666;63.2643;0;24;65;Asia/Yekaterinburg;
37050;Пятигорск;8793;44.0459;43.0587;0;66;7;Europe/Moscow;
23758;Радужный;34668;62.1063;77.4804;0;25;71;Asia/Yekaterinburg;
27545;Радужный;49254;56.00;40.20;0;14;17;Europe/Moscow;
31592;Райчихинск;41647;49.8023;129.405;0;3;10;Asia/Yakutsk;
27505;Раменское;49646;55.5654;38.2369;0;35;46;Europe/Moscow;
27948;Рассказово;47531;52.6693;41.9009;0;39;68;Europe/Moscow;
29923;Ребриха;38512;53.0085;82.2883;0;2;1;Asia/Omsk;
28430;Ревда;34397;56.811;59.9581;0;24;65;Asia/Yekaterinburg;
28347;Реж;34364;57.3649;61.4086;0;24;65;Asia/Yekaterinburg;
27632;Реутов;0;55.765;37.8736;0;35;46;Europe/Moscow;
26498;Ржев;48232;56.2656;34.3276;0;40;28;Europe/Moscow;
27351;Родники;49336;57.109;41.7377;0;35;46;Europe/Moscow;
26882;Рославль;48134;53.951;32.8644;0;38;66;Europe/Moscow;
34236;Россошь;47396;50.2044;39.5387;0;28;20;Europe/Moscow;Росошь
27329;Ростов;48536;57.1991;39.4504;0;42;78;Europe/Moscow;
34730;Ростов-на-Дону;863;47.2332;39.715;1;65;60;Europe/Moscow;
27540;Рошаль;0;55.6647;39.8568;0;35;46;Europe/Moscow;
34056;Ртищево;84540;52.2659;43.7917;0;54;63;Europe/Moscow;
36034;Рубцовск;38557;51.5211;81.2027;0;2;1;Asia/Omsk;
34262;Рудня;48141;54.9498;31.0908;0;38;66;Europe/Moscow;
27520;Руза;49627;55.6979;36.2034;0;35;46;Europe/Moscow;
27761;Рузаевка;83451;54.0614;44.9597;0;16;89;Europe/Moscow;
27225;Рыбинск;4855;58.06;38.41;0;42;78;Europe/Moscow;
27728;Рыбное;49137;54.14;39.30;0;37;61;Europe/Moscow;
33166;Рыльск;47152;51.566;34.6853;0;32;38;Europe/Moscow;
27835;Ряжск;49132;53.7078;40.0596;0;37;61;Europe/Moscow;
27730;Рязань;4912;54.6247;39.7386;1;37;61;Europe/Moscow;;;;
28824;Салават;34763;53.3592;55.9299;0;9;80;Asia/Yekaterinburg;;;;
29742;Салаир;0;54.2382;85.806;0;68;32;Asia/Omsk;;;;
23330;Салехард;34922;66.5309;66.6024;1;27;71140;Asia/Yekaterinburg;;;;
34842;Сальск;86372;46.4749;41.5354;0;65;60;Europe/Moscow;;;;
28807;Самара;846;53.2022;50.1596;1;12;36;Europe/Moscow;Куйбышев;;;
26063;Санкт-Петербург;812;59.939;30.3158;1;44;41;Europe/Moscow;Петербург;Ленинград;Питер;СПБ
27760;Саранск;8342;54.1814;45.1757;1;16;89;Europe/Moscow;;;;
28418;Сарапул;34147;56.4763;53.7976;0;22;94;Europe/Moscow;;;;
34172;Саратов;8452;51.5333;46.0345;1;54;63;Europe/Moscow;;;;
27552;Саров;83130;54.9301;43.3372;0;50;22;Europe/Moscow;;;;
27745;Сасово;49133;54.3436;41.9075;0;37;61;Europe/Moscow;;;;
28635;Сатка;35161;55.0468;58.9731;0;4;75;Asia/Yekaterinburg;;;;
26686;Сафоново;48142;55.1075;33.2676;0;38;66;Europe/Moscow;;;;
29861;Саяногорск;39042;53.0896;91.4157;0;74;95;Asia/Krasnoyarsk;;;;
30509;Саянск;39513;54.1191;102.177;0;8;25;Asia/Irkutsk;;;;
26700;Светлогорск;401533;54.9383;20.1583;0;43;27;Europe/Kaliningrad;
34954;Светлоград;86547;45.3353;42.8549;0;66;7;Europe/Moscow;
26703;Светлый;40152;54.41;20.18;0;43;27;Europe/Kaliningrad;
34563;Светлый Яр;84477;48.4761;44.7868;0;15;18;Europe/Moscow;
22807;Светогорск;0;61.1149;28.8576;0;44;41;Europe/Moscow;
30614;Свирск;39 573;53.0846;103.343;0;8;25;Asia/Irkutsk;
31445;Свободный;41643;51.23;128.07;0;3;10;Asia/Yakutsk;
26455;Себеж;81140;56.2961;28.473;0;47;58;Europe/Moscow;
30435;Северобайкальск;30130;55.6344;109.325;0;82;81;Asia/Irkutsk;
22546;Северодвинск;81845;64.5669;39.8468;0;6;11;Europe/Moscow;
32215;Северо-Курильск;0;50.6784;156.123;0;11;64;Asia/Magadan;
22111;Североморск;81537;69.0675;33.4309;0;45;47;Europe/Moscow;
23919;Североуральск;34380;60.1669;59.9622;0;24;65;Asia/Yekaterinburg;
29440;Северск;38242;56.6167;84.8333;0;76;69;Asia/Omsk;
26995;Севск;48356;52.1562;34.4762;0;13;15;Europe/Moscow;
22621;Сегежа;81431;63.7434;34.3031;0;48;86;Europe/Moscow;
25703;Сеймчан;41347;62.9308;152.385;0;80;44;Asia/Magadan;
26487;Селижарово;48269;56.8547;33.4562;0;40;28;Europe/Moscow;
26897;Сельцо;0;53.3671;34.1012;0;13;15;Europe/Moscow;
27462;Семенов;83162;56.7925;44.501;0;50;22;Europe/Moscow;
34636;Семикаракорск;86356;47.514;40.8115;0;65;60;Europe/Moscow;
34119;Семилуки;47372;51.693;39.0263;0;28;20;Europe/Moscow;
32509;Семячики;0;54.7;159.59;0;100;30;Asia/Magadan;
27891;Сенгилей;84233;53.963;48.7887;0;55;73;Europe/Moscow;
34357;Серафимович;84464;49.5799;42.7401;0;15;18;Europe/Moscow;
27577;Сергач;83191;55.5275;45.4632;0;50;22;Europe/Moscow;
27616;Сергиев Посад;49654;56.3107;38.133;0;35;46;Europe/Moscow;
34062;Сердобск;84167;52.4601;44.2239;0;51;56;Europe/Moscow;
27622;Серебряные Пруды;49667;54.4662;38.7146;0;35;46;Europe/Moscow;
27506;Середниково;0;55.9322;37.2278;0;35;46;Europe/Moscow;
28044;Серов;34315;59.5982;60.5885;0;24;65;Asia/Yekaterinburg;
27618;Серпухов;0;54.9206;37.4169;0;35;46;Europe/Moscow;
22910;Сертолово;812673;60.1458;30.211;0;44;41;Europe/Moscow;
28935;Сибай;34775;52.7101;58.6637;0;9;80;Asia/Yekaterinburg;
28632;Сим;0;54.9888;57.6846;0;4;75;Asia/Yekaterinburg;
30692;Сковородино;41654;53.9843;123.948;0;3;10;Asia/Yakutsk;
27825;Скопин;49156;53.8189;39.5431;0;37;61;Europe/Moscow;
29915;Славгород;38568;52.9903;78.6486;0;2;1;Asia/Omsk;
26613;Славск;40163;55.0451;21.6836;0;43;27;Europe/Kaliningrad;
31965;Славянка;42331;42.8705;131.372;0;1;5;Asia/Vladivostok;
34924;Славянск-на-Кубани;86146;45.2564;38.1249;0;59;3;Europe/Moscow;
28587;Сладково;34555;55.5284;70.3458;0;25;71;Asia/Yekaterinburg;
26055;Сланцы;81374;59.11;28.0863;0;44;41;Europe/Moscow;
28104;Слободской;83362;58.7239;50.1761;0;19;33;Europe/Moscow;
30810;Слюдянка;39544;51.6589;103.713;0;8;25;Asia/Irkutsk;
32090;Смирных;42452;49.7465;142.837;0;11;64;Asia/Vladivostok;
26781;Смоленск;4812;54.7811;32.0489;1;38;66;Europe/Moscow;
28547;Снежинск;35146;56.0833;60.7333;0;4;75;Asia/Yekaterinburg;
22110;Снежногорск;81530;69.12;33.14;0;45;47;Europe/Moscow;
32477;Соболево;41536;57.18;155.56;0;100;30;Asia/Magadan;
27815;Советск;0;53.56;37.38;0;41;70;Europe/Moscow;
26614;Советск;40161;55.0814;21.8885;0;43;27;Europe/Kaliningrad;
27392;Советск;83375;57.35;48.57;0;19;33;Europe/Moscow;
31770;Советская Гавань;42138;48.9702;140.291;0;79;8;Asia/Vladivostok;
23822;Советский;34675;61.22;63.35;0;26;71100;Asia/Yekaterinburg;
27038;Сокол;81733;59.4603;40.1394;0;15;18;Europe/Moscow;
27720;Сокольники;0;54.04;38.29;0;41;70;Europe/Moscow;
27049;Солигалич;49436;59.0831;42.2908;0;31;34;Europe/Moscow;
28027;Соликамск;34253;59.6362;56.7668;0;21;57;Asia/Yekaterinburg;
27603;Солнечногорск;49626;56.1846;36.9784;0;35;46;Europe/Moscow;
22429;Соловки;81835;65.0833;35.8833;0;6;11;Europe/Moscow;
22884;Сольвычегодск;0;61.3326;46.9135;0;6;11;Europe/Moscow;
35120;Соль-Илецк;35336;51.1582;54.9951;0;20;53;Asia/Yekaterinburg;
26263;Сольцы;81655;58.1237;30.3169;0;46;49;Europe/Moscow;
35011;Сорочинск;35346;52.4238;53.1684;0;20;53;Asia/Yekaterinburg;
29760;Сорск;39033;53.9971;90.2491;0;74;95;Asia/Krasnoyarsk;
22802;Сортавала;81430;61.712;30.7028;0;48;86;Europe/Moscow;
27715;Сосенский;0;54.0411;35.9686;0;30;29;Europe/Moscow;
28504;Сосновка;47532;58.5848;46.1174;0;19;33;Europe/Moscow;
22891;Сосново;0;59.2038;29.6392;0;44;41;Europe/Moscow;
29479;Сосновоборск;39131;56.1341;93.3832;0;69;4;Asia/Krasnoyarsk;
26056;Сосновый Бор;81369;59.8931;29.095;0;44;41;Europe/Moscow;
23607;Сосногорск;82149;63.584;53.92;0;18;87;Europe/Moscow;
23625;Сосьва;34385;63.39;62.06;0;24;65;Asia/Yekaterinburg;
37099;Сочи;8622;43.6116;39.7225;0;59;3;Europe/Moscow;
26795;Спас-Деменск;48455;54.4124;34.0309;0;30;29;Europe/Moscow;
27636;Спас-Клепики;49142;55.1331;40.1844;0;37;61;Europe/Moscow;
27860;Спасск;84151;53.9299;43.1973;0;51;56;Europe/Moscow;
31922;Спасск-Дальний;42352;44.5977;132.825;0;1;5;Asia/Vladivostok;
27735;Спасск-Рязанский;49135;54.4082;40.38;0;37;61;Europe/Moscow;
25206;Среднеколымск;41156;67.4555;153.687;0;77;98;Asia/Magadan;
28444;Среднеуральск;0;56.9944;60.4783;0;24;65;Asia/Yekaterinburg;
34564;Средняя Ахтуба;0;48.7089;44.8742;0;15;18;Europe/Moscow;
30777;Сретенск;30246;52.2505;117.719;0;84;76;Asia/Yakutsk;
34949;Ставрополь;8652;45.0391;41.9821;1;66;7;Europe/Moscow;
22420;Старая Кузема;0;65.22;34.15;0;48;86;Europe/Moscow;
26275;Старая Русса;81652;57.9996;31.3361;0;46;49;Europe/Moscow;
26499;Старица;48263;56.5051;34.9375;0;40;28;Europe/Moscow;
26994;Стародуб;48348;52.5839;32.7671;0;13;15;Europe/Moscow;
34116;Старый Оскол;4725;51.3049;37.8569;0;10;14;Europe/Moscow;
28825;Стерлитамак;3473;53.6223;55.9576;0;9;80;Asia/Yekaterinburg;
23952;Стрежевой;38259;60.7391;77.5504;0;76;69;Asia/Omsk;
34211;Строитель;47244;50.7858;36.4673;0;10;14;Europe/Moscow;
27624;Ступино;49664;54.8984;38.0867;0;35;46;Europe/Moscow;
27717;Суворов;48763;54.1252;36.4994;0;41;70;Europe/Moscow;
34100;Суджа;47143;51.2002;35.2548;0;32;38;Europe/Moscow;
27541;Судогда;49235;55.9488;40.8531;0;14;17;Europe/Moscow;
27533;Суздаль;49231;56.4136;40.4434;0;14;17;Europe/Moscow;
29823;Сузун;38346;53.7852;82.3239;0;70;50;Asia/Omsk;
22717;Суоярви;81457;62.0943;32.3768;0;48;86;Europe/Moscow;
26982;Сураж;48330;53.0221;32.3989;0;13;15;Europe/Moscow;
23849;Сургут;3462;61.2572;73.401;0;26;71100;Asia/Yekaterinburg;
34551;Суровикино;84473;48.6143;42.8439;0;15;18;Europe/Moscow;
27971;Сурск;84158;53.0847;45.6887;0;51;56;Europe/Moscow;
24790;Сусуман;41345;62.7773;148.148;0;80;44;Asia/Magadan;
27707;Сухиничи;48451;54.1012;35.3523;0;30;29;Europe/Moscow;
28450;Сухой Лог;34373;56.896;62.0276;0;24;65;Asia/Yekaterinburg;
27983;Сызрань;84643;53.1731;48.4693;0;12;36;Europe/Moscow;
23804;Сыктывкар;8212;61.6819;50.8128;1;18;87;Europe/Moscow;
28648;Сыростан;0;55.0669;59.9074;0;4;75;Asia/Yekaterinburg;
28448;Сысерть;34374;56.6797;60.581;0;24;65;Asia/Yekaterinburg;
26595;Сычевка;48130;55.8362;34.2902;0;38;66;Europe/Moscow;
22914;Сясьстрой;0;60.147;32.557;0;44;41;Europe/Moscow;
28264;Тавда;34360;58.0438;65.2452;0;24;65;Asia/Yekaterinburg;
34720;Таганрог;8634;47.2217;38.8933;0;65;60;Europe/Moscow;
23256;Тазовский;34940;67.4753;78.7174;0;27;71140;Asia/Yekaterinburg;
29521;Тайга;38448;56.0613;85.6228;0;68;32;Asia/Omsk;
29594;Тайшет;39563;55.9342;97.9912;0;8;25;Asia/Irkutsk;
30356;Таксимо;30132;56.3394;114.892;0;82;81;Asia/Irkutsk;
30696;Талдан;0;53.6916;124.81;0;3;10;Asia/Yakutsk;
27420;Талдом;49620;56.7318;37.5341;0;35;46;Europe/Moscow;
28352;Талица;34371;57.0082;63.7183;0;24;65;Asia/Yekaterinburg;
20864;Тамбей;0;71.4722;71.8046;0;25;71;Asia/Yekaterinburg;
27947;Тамбов;4752;52.7211;41.4174;1;39;68;Europe/Moscow;
28493;Тара;38171;56.9015;74.3768;0;71;52;Asia/Omsk;
23552;Тарко Сале;34597;64.9197;77.7882;0;27;71140;Asia/Yekaterinburg;
27723;Таруса;48435;54.7222;37.1725;0;30;29;Europe/Moscow;
29605;Татарск;38364;55.2221;75.9908;0;70;50;Asia/Omsk;
29954;Таштагол;38473;52.766;87.8762;0;68;32;Asia/Omsk;
34932;Тбилисская;86158;45.3629;40.1829;0;59;3;Europe/Moscow;
27402;Тверь;48222;56.8579;35.9238;1;40;28;Europe/Moscow;
37193;Теберда;0;43.4638;41.7342;0;58;91;Europe/Moscow;
27444;Тейково;49343;56.855;40.5327;0;29;24;Europe/Moscow;
27752;Темников;83445;54.6316;43.2168;0;16;89;Europe/Moscow;
34914;Темрюк;86148;45.2798;37.3809;0;59;3;Europe/Moscow;
37224;Терек;86632;43.4817;44.1509;0;57;83;Europe/Moscow;
22028;Териберка;0;69.1581;35.1769;0;45;47;Europe/Moscow;
31909;Терней;42374;45.0429;136.605;0;1;5;Asia/Vladivostok;
37204;Терскол;86639;43.2478;42.5197;0;57;83;Europe/Moscow;
27697;Тетюши;84373;54.9461;48.8293;0;53;92;Europe/Moscow;
21824;Тикси;41167;71.6294;128.849;0;77;98;Asia/Yakutsk;
34922;Тимашевск;86130;45.6171;38.9431;0;59;3;Europe/Moscow;
26094;Тихвин;81267;59.6382;33.516;0;44;41;Europe/Moscow;
34838;Тихорецк;86196;45.8532;40.1283;0;59;3;Europe/Moscow;
28275;Тобольск;34511;58.1842;68.2547;0;25;71;Asia/Yekaterinburg;
29636;Тогучин;38340;55.2485;84.406;0;70;50;Asia/Omsk;
30127;Токма;0;58.2567;105.875;0;8;25;Asia/Irkutsk;
22900;Токсово;0;60.148;30.5062;0;44;41;Europe/Moscow;
27890;Тольятти;8482;53.5356;49.4096;0;12;36;Europe/Moscow;
32122;Томари;42446;47.7574;142.051;0;11;64;Asia/Vladivostok;
31005;Томмот;0;58.9595;126.27;0;77;98;Asia/Yakutsk;
30439;Томпа;3677;55.1264;109.745;0;8;25;Asia/Irkutsk;
29430;Томск;3822;56.464;84.9625;1;76;69;Asia/Omsk;
29641;Топки;38454;55.334;85.7779;0;68;32;Asia/Omsk;
27401;Торжок;48251;57.0365;34.952;0;40;28;Europe/Moscow;
26479;Торопец;48268;56.5063;31.6426;0;40;28;Europe/Moscow;
26077;Тосно;81361;59.5403;30.8805;0;44;41;Europe/Moscow;
27051;Тотьма;81739;59.9747;42.7609;0;17;19;Europe/Moscow;
28733;Трехгорный;35191;54.8;58.45;0;4;75;Asia/Yekaterinburg;
28748;Троицк;35163;54.1003;61.5809;0;4;75;Asia/Yekaterinburg;
27629;Троицк;49675;55.29;37.19;0;35;46;Europe/Moscow;
23711;Троицко Печорск;82138;62.7067;56.1973;0;18;87;Europe/Moscow;
26997;Трубчевск;48352;52.5748;33.7622;0;13;15;Europe/Moscow;
37018;Туапсе;86167;44.1035;39.0747;0;59;3;Europe/Moscow;
28712;Туймазы;34712;54.6017;53.7255;0;9;80;Asia/Yekaterinburg;
27719;Тула;4872;54.1967;37.6178;1;41;70;Europe/Moscow;
23815;Тулпан;0;61.3653;57.4167;0;21;57;Asia/Yekaterinburg;
30504;Тулун;39530;54.5611;100.585;0;8;25;Asia/Irkutsk;
24507;Тура;39113;64.2787;100.233;0;69;4;Asia/Krasnoyarsk;
36093;Туран;39435;52.1455;93.9161;0;73;93;Asia/Krasnoyarsk;
28255;Туринск;34349;58.04;63.703;0;24;65;Asia/Yekaterinburg;
23472;Туруханск;39190;65.7949;87.9685;0;69;4;Asia/Krasnoyarsk;
27229;Тутаев;48533;57.8832;39.5514;0;42;78;Europe/Moscow;
23589;Тутончаны;0;64.214;93.7945;0;69;4;Asia/Krasnoyarsk;
32071;Тымовское;42447;50.8508;142.66;0;11;64;Asia/Vladivostok;
30499;Тында;41656;55.1499;124.723;0;3;10;Asia/Yakutsk;
37205;Тырныауз;86638;43.3954;42.9272;0;57;83;Europe/Moscow;
28586;Тюкалинск;38176;55.8572;72.197;0;71;52;Asia/Omsk;
28367;Тюмень;3452;57.1549;65.5156;1;25;71;Asia/Yekaterinburg;
34048;Уварово;47558;52.0071;42.2562;0;39;68;Europe/Moscow;
32088;Углегорск;42432;49.0758;142.074;0;11;64;Asia/Vladivostok;
27321;Углич;48532;57.5247;38.3328;0;42;78;Europe/Moscow;
24321;Удачный;0;66.4085;112.299;0;77;98;Asia/Yakutsk;
27206;Удомля;48255;57.8727;35.0078;0;40;28;Europe/Moscow;
29653;Ужур;39156;55.3212;89.8624;0;69;4;Asia/Krasnoyarsk;
27821;Узловая;48731;53.9776;38.1785;0;41;70;Europe/Moscow;
30823;Улан-Удэ;3012;51.8408;107.608;1;82;81;Asia/Irkutsk;
27786;Ульяновск;8422;54.3215;48.3857;1;55;73;Europe/Moscow;Ульск
26985;Унеча;48351;52.8487;32.6705;0;13;15;Europe/Moscow;
23928;Урай;34676;60.1333;64.8091;0;26;71100;Asia/Yekaterinburg;
23453;Уренгой;34934;65.9575;78.3845;0;27;71140;Asia/Yekaterinburg;
27370;Урень;83154;57.4608;45.785;0;50;22;Europe/Moscow;
28307;Уржум;83363;57.1097;49.997;0;19;33;Europe/Moscow;
37237;Урус-Мартан;87145;43.1294;45.5405;0;67;96;Europe/Moscow;
34240;Урюпинск;84442;50.8029;42.0295;0;15;18;Europe/Moscow;
23410;Усинск;82144;66.0093;57.5474;0;18;87;Europe/Moscow;
34108;Усланка;0;51.11;36.01;0;32;38;Europe/Moscow;
27931;Усмань;47472;52.0523;39.7323;0;33;42;Europe/Moscow;
28026;Усолье;34244;59.25;56.41;0;21;57;Asia/Yekaterinburg;
30712;Усолье-Сибирское;39543;52.7525;103.638;0;8;25;Asia/Irkutsk;
31847;Уссурийск;4234;43.8163;131.989;0;1;5;Asia/Vladivostok;
36044;Усть Калманка;38599;52.1173;83.309;0;2;1;Asia/Omsk;
30635;Усть-Баргузин;0;53.4105;109.023;0;82;81;Asia/Irkutsk;
37046;Усть-Джегута;87875;44.0867;41.9765;0;58;91;Europe/Moscow;
30117;Усть-Илимск;39535;58.0315;102.818;0;8;25;Asia/Irkutsk;
28382;Усть-Ишим;38150;57.6917;71.1685;0;71;52;Asia/Omsk;
32408;Усть-Камчатск;41533;56.2249;162.478;0;100;30;Asia/Magadan;
28638;Усть-Катав;35167;54.9356;58.1768;0;4;75;Asia/Yekaterinburg;
23803;Усть-Кулом;82137;61.6886;53.6868;0;18;87;Europe/Moscow;
30320;Усть-Кут;39565;56.798;105.766;0;8;25;Asia/Irkutsk;
34937;Усть-Лабинск;86135;45.2105;39.6882;0;59;3;Europe/Moscow;
30713;Усть-Ордынский;39541;52.8056;104.762;0;8;25;Asia/Irkutsk;
27106;Устюжна;81737;58.8383;36.4379;0;17;19;Europe/Moscow;
28722;Уфа;347;54.7355;55.992;1;9;80;Asia/Yekaterinburg;
23606;Ухта;82147;63.5696;53.673;0;18;87;Europe/Moscow;
28736;Учалы;34791;54.3054;59.4448;0;9;80;Asia/Yekaterinburg;
37117;Учкулан;0;43.4366;42.0738;0;58;91;Europe/Moscow;
25399;Уэлен;0;66.1;190.1;0;5;77;Asia/Magadan;
29576;Уяр;39146;55.8256;94.3478;0;69;4;Asia/Krasnoyarsk;
34005;Фатеж;47144;52.0918;35.8628;0;32;38;Europe/Moscow;
26899;Фокино;0;53.27;34.25;0;13;15;Europe/Moscow;
31976;Фокино;42339;42.9706;132.407;0;1;5;Asia/Vladivostok;
34356;Фролово;84465;49.7693;43.6568;0;15;18;Europe/Moscow;
27353;Фурманов;49341;57.2507;41.1098;0;29;24;Europe/Moscow;
31735;Хабаровск;4212;48.4767;135.094;1;79;8;Asia/Vladivostok;
37016;Хадыженск;0;44.4344;39.5254;0;59;3;Europe/Moscow;
23933;Ханты-Мансийск;34673;61.0008;69.0062;1;26;71100;Asia/Yekaterinburg;
34687;Харабали;85148;47.4045;47.2724;0;7;12;Europe/Moscow;
27040;Харовск;81732;59.9547;40.207;0;17;19;Europe/Moscow;
37248;Хасавюрт;87231;43.2468;46.5894;0;61;82;Europe/Moscow;
31968;Хасан;0;42.4302;130.649;0;1;5;Asia/Vladivostok;
20891;Хатанга;39176;71.9762;102.477;0;69;4;Asia/Krasnoyarsk;
34083;Хвалынск;84595;52.4847;48.1012;0;54;63;Europe/Moscow;
30844;Хилок;30237;51.3539;110.462;0;84;76;Asia/Yakutsk;
27512;Химки;49651;55.8878;37.4442;0;35;46;Europe/Moscow;
26378;Холм;81654;57.1495;31.1765;0;46;49;Europe/Moscow;
26590;Холм-Жирковский;48139;55.5132;33.5015;0;38;66;Europe/Moscow;
22559;Холмогоры;81830;64.13;41.40;0;6;11;Europe/Moscow;
32128;Холмск;42433;47.0625;142.061;0;11;64;Asia/Vladivostok;
37020;Хоста;0;43.5175;39.8704;0;59;3;Europe/Moscow;
30629;Хужир;0;53.1901;107.334;0;8;25;Asia/Irkutsk;;
34775;Цаган-Аман;84744;47.5643;46.7155;0;63;85;Europe/Moscow;;
27588;Цивильск;83545;55.8662;47.4818;0;56;97;Europe/Moscow;;
34646;Цимлянск;86391;47.651;42.0907;0;65;60;Europe/Moscow;;
36087;Чадан;39434;51.2906;91.569;0;73;93;Asia/Krasnoyarsk;;
28413;Чайковский;34241;56.45;54.05;0;21;57;Asia/Yekaterinburg;;
28903;Чапаевск;84639;52.9696;49.6929;0;12;36;Europe/Moscow;;
27932;Чаплыгин;47475;45.1166;40.7596;0;33;42;Europe/Moscow;;
28742;Чебаркуль;35168;54.9931;60.3858;0;4;75;Asia/Yekaterinburg;;
27581;Чебоксары;8352;56.1375;47.244;1;56;97;Europe/Moscow;Чебы;Чебры
37211;Чегем;86630;43.5667;43.5833;0;57;83;Europe/Moscow;;
27712;Чекалин;0;54.1021;36.2524;0;41;70;Europe/Moscow;;
20292;Челюскин;0;77.7333;104.25;0;69;4;Asia/Krasnoyarsk;;
28642;Челябинск;351;55.1599;61.4026;1;4;75;Asia/Yekaterinburg;Челяба;Члб
36058;Чемал;38841;51.4139;86.0146;0;2;1;Asia/Omsk;;
23914;Чердынь;34240;60.4027;56.4864;0;21;57;Asia/Yekaterinburg;;
30617;Черемхово;39546;53.1474;103.082;0;8;25;Asia/Irkutsk;
29731;Черепаново;38345;54.2238;83.3804;0;70;50;Asia/Omsk;
27113;Череповец;8202;59.1298;38.0013;0;17;19;Europe/Moscow;Череп
37047;Черкесск;8782;44.2309;42.0648;1;58;91;Europe/Moscow;
28128;Чермоз;34276;58.7776;56.1643;0;21;57;Asia/Yekaterinburg;
27434;Черноголовка;49652;56.013;38.3885;0;35;46;Europe/Moscow;
29860;Черногорск;39031;53.8268;91.3018;0;74;95;Asia/Krasnoyarsk;
28428;Чернушка;34261;56.5025;56.0874;0;21;57;Asia/Yekaterinburg;
34550;Чернышковский;84474;48.4226;42.2386;0;15;18;Europe/Moscow;
26711;Черняховск;40141;54.6369;21.8079;0;43;27;Europe/Kaliningrad;
25123;Черский;41157;68.7493;161.332;0;77;98;Asia/Magadan;
27538;Черусти;49645464;55.543;40.0125;0;35;46;Europe/Moscow;
27531;Чехов;49672;53.09;37.28;0;35;46;Europe/Moscow;
37218;Чикола;86734;43.1915;43.9183;0;64;90;Europe/Moscow;
28601;Чистополь;84342;55.366;50.6424;0;53;92;Europe/Moscow;
30758;Чита;3022;52.0454;113.499;1;84;76;Asia/Yakutsk;
27451;Чкаловск;83160;56.7656;43.2408;0;50;22;Europe/Moscow;
21946;Чокурдах;41158;70.6225;147.891;0;77;98;Asia/Magadan;
26079;Чудово;81665;59.1215;31.6503;0;46;49;Europe/Moscow;
29625;Чулым;38350;55.0922;80.9707;0;70;50;Asia/Omsk;
28133;Чусовой;34256;58.2882;57.8267;0;21;57;Asia/Yekaterinburg;
27157;Чухлома;49441;58.7503;42.7074;0;31;34;Europe/Moscow;
36088;Шагонар;39436;51.5333;92.8;0;73;93;Asia/Krasnoyarsk;
28552;Шадринск;35253;56.0877;63.6361;0;23;37;Asia/Yekaterinburg;
37238;Шали;87146;43.1432;45.8987;0;67;96;Europe/Moscow;
27978;Шалкино;84248;52.6244;47.0449;0;55;73;Europe/Moscow;
28334;Шамары;34358;57.3423;58.2084;0;24;65;Asia/Yekaterinburg;
29558;Шарыпово;39153;55.5316;89.2047;0;69;4;Asia/Krasnoyarsk;
27271;Шарья;49449;58.3661;45.5124;0;31;34;Europe/Moscow;
27654;Шатки;83142;55.1872;44.1368;0;50;22;Europe/Moscow;
37351;Шатой;87135;42.8667;45.6833;0;67;96;Europe/Moscow;
27615;Шатура;49645;55.5744;39.5415;0;35;46;Europe/Moscow;
27422;Шаховская;49637;56.0377;35.5049;0;35;46;Europe/Moscow;
32087;Шахтерск;0;49.1687;142.107;0;11;64;Asia/Vladivostok;
34635;Шахты;8636;47.7085;40.2153;0;65;60;Europe/Moscow;
27373;Шахунья;83152;57.6682;46.6009;0;50;22;Europe/Moscow;
27744;Шацк;49147;54.0187;41.7141;0;37;61;Europe/Moscow;
34316;Шебекино;47248;50.4035;36.888;0;10;14;Europe/Moscow;
24329;Шелагонцы;0;66.15;114.17;0;77;98;Asia/Yakutsk;
30711;Шелехов;39510;52.2092;104.091;0;8;25;Asia/Irkutsk;
22768;Шенкурск;81851;62.1069;42.91;0;6;11;Europe/Moscow;
29955;Шерегеш;0;52.9205;87.9954;0;68;32;Asia/Omsk;
27514;Шереметьево;47554;57.129;37.815;0;35;46;Europe/Moscow;
30862;Шилка;30244;51.861;116.029;0;84;76;Asia/Yakutsk;
31442;Шимановск;41651;52.0095;127.656;0;3;10;Asia/Yakutsk;
29756;Шира;39035;54.4911;89.9597;0;74;95;Asia/Krasnoyarsk;
34087;Шиханы;0;52.1013;47.1626;0;54;63;Europe/Moscow;
26072;Шлиссельбург;0;59.9296;31.0326;0;44;41;Europe/Moscow;
27580;Шумерля;83536;55.4903;46.429;0;56;97;Europe/Moscow;
28655;Шумиха;35245;55.2316;63.2884;0;23;37;Asia/Yekaterinburg;
29868;Шушенское;39139;53.3278;91.943;0;69;4;Asia/Krasnoyarsk;
27441;Шуя;49351;56.8623;41.4025;0;29;24;Europe/Moscow;
27819;Щекино;48751;54.0068;37.5196;0;41;70;Europe/Moscow;
27528;Щелково;49656;55.9175;38.0114;0;35;46;Europe/Moscow;
23406;Щельяюр;82140;65.3263;53.4334;0;18;87;Europe/Moscow;
34010;Щигры;47145;51.8772;36.9083;0;32;38;Europe/Moscow;
28650;Щучье;35244;55.2141;62.7545;0;23;37;Asia/Yekaterinburg;
27435;Электрогорск;0;55.883;38.7804;0;35;46;Europe/Moscow;
27726;Электросталь;49657;55.787;38.4356;0;35;46;Europe/Moscow;
27439;Электроугли;0;55.7287;38.1976;0;35;46;Europe/Moscow;
34861;Элиста;84722;46.313;44.2535;1;63;85;Europe/Moscow;
37203;Эльбрус;0;43.2625;42.6476;0;57;83;Europe/Moscow;
34476;Эльтон;0;49.1299;46.8424;0;15;18;Europe/Moscow;
34778;Энгельс;8453;51.4797;46.1101;0;54;63;Europe/Moscow;
34141;Эртиль;47345;51.842;40.8142;0;28;20;Europe/Moscow;
23922;Югорск;0;61.3167;63.3333;0;26;71100;Asia/Yekaterinburg;
27449;Южа;49347;56.5879;42.0072;0;29;24;Europe/Moscow;
32165;Южно-Курильск;42455;44.0366;145.853;0;11;64;Asia/Magadan;
32150;Южно-Сахалинск;4242;46.9613;142.732;1;11;64;Asia/Vladivostok;
37075;Южно-Сухокумск;87276;44.6582;45.6548;0;66;7;Europe/Moscow;
28745;Южноуральск;35134;54.4449;61.2442;0;4;75;Asia/Yekaterinburg;
29536;Юрга;38451;55.7345;84.88;0;68;32;Asia/Omsk;
28075;Юровск;0;59.452;69.0508;0;25;71;Asia/Yekaterinburg;
27355;Юрьевец;49337;56.0997;40.269;0;29;24;Europe/Moscow;
27437;Юрьев-Польский;49246;56.498;39.668;0;14;17;Europe/Moscow;
28640;Юрюзань;0;54.8786;58.4308;0;4;75;Asia/Yekaterinburg;
34772;Юста;0;47.123;46.2971;0;63;85;Europe/Moscow;
27706;Юхнов;48436;54.7411;35.2331;0;30;29;Europe/Moscow;
27579;Ядрин;83547;55.9398;46.2024;0;56;97;Europe/Moscow;
24959;Якутск;4112;62.0393;129.746;1;77;98;Asia/Yakutsk;
23812;Якша;0;61.50;56.52;0;18;87;Europe/Moscow;
28465;Ялуторовск;34535;56.6478;66.2995;0;25;71;Asia/Yekaterinburg;
23147;Ямбург;0;67.9049;74.8546;0;27;71140;Asia/Yekaterinburg;
28419;Янаул;34760;56.2808;54.933;0;9;80;Asia/Yekaterinburg;
27385;Яранск;83367;57.3072;47.8642;0;19;33;Europe/Moscow;
29914;Яровое;0;52.9207;78.5829;0;2;1;Asia/Omsk;
27331;Ярославль;4852;57.6301;39.8656;1;42;78;Europe/Moscow;Ярик
23341;Яр-Сале;34996;66.8631;70.8194;0;27;71140;Asia/Yekaterinburg;
26580;Ярцево;48143;55.0598;32.6853;0;38;66;Europe/Moscow;
27722;Ясногорск;48766;54.4806;37.7092;0;41;70;Europe/Moscow;
35147;Ясный;35368;51.02;59.53;0;20;53;Asia/Yekaterinburg;
27418;Яхрома;0;56.2941;37.4847;0;35;46;Europe/Moscow;
34846;Яшалта;84745;46.3431;42.2816;0;63;85;Europe/Moscow;
29537;Яшкино;38455;55.8687;85.4232;0;68;32;Asia/Omsk;
34866;Яшкуль;84746;46.1694;45.3426;0;63;85;Europe/Moscow;
